ID,Name,chrOrgOffsetX,chrOrgOffsetY,chrOrgOffsetZ,chrTransChaseRateXZ_ForNormal,chrTransChaseRateY_ForNormal,chrTransChaseRateXZ_ForEscapeWall,chrTransChaseRateY_ForEscapeWall,reserved_chr2,isEnableChrChaseRotX,chrChaseRotXInvalidAngle,reserved_chr,fulcrumDistRateByLrMoveMaxDist,fulcrumDistRateByLrMoveMin,fulcrumDistRateByLrMoveMax,fulcrumDistRate,fulcrumDistMin,reserved_fulcrum,targetChaseDistRateXZ_ForHitWall,targetChaseDistRateY_ForHitWall,targetTransChaseRateXZ,targetTransChaseRateY,targetRotXChaseRate,targetChaseRateXZForNormal,targetChaseRateXZForEscapeWall,targetChaseRateY,targetChaseRateAngMin,targetChaseRateAngMax,targetChaseDistRateXZ,targetChaseDistRateY,targetChaseRateAtLockXZ,targetChaseRateAtLockY,targetChaseRateAngAtLockMin,targetChaseRateAngAtLockMax,targetChaseDistRateTime,reserved_target,transChaseByControlEndWaitTime,transChaseByControlEndReleaseTime,rotCtrlEndWaitTime,rotCtrlEndReleaseTime,rotHiSpeedRateIncTime,rotRangeXMin,rotRangeXMax,rotRangeXAtLockMin,rotRangeXAtLockMax,rotRangeYMin,rotRangeYMax,rotRangeLerpBeginHeight,rotRangeLerpEndHeight,rotSpeed_MinX,rotSpeed_MinY,rotSpeed_MaxX,rotSpeed_MaxY,rotHiSpeed_MinX,rotHiSpeed_MinY,rotHiSpeed_MaxX,rotHiSpeed_MaxY,directPitchAng,directPitchRate,rotSpeedTransTime,rotBaseY,resetBaseY,reserved_manual,lockRotChaseRateX,lockRotChaseRateY,lockRotChasePlayAngX,lockRotChasePlayAngY,lockTgtPosRate,forceFrontLockTime,lockCamAdjustRot_MaxX,lockCamAdjustRot_MaxY,lockCamAdjustRotChaseRate,lockCamParamLerpRate,reserved_lock,fallTargetRot,fallMinTime,fallMaxTime,fallHeightMargine,fallBaseHeight,isEnableFall,reserved_fall,camCastSphereRadius,camSafeMarginRate,camSafeMarginMax,escapeWallRotAddX,escapeWallRotAddY,escapeWallWeakRotAddX,escapeWallWeakRotAddY,escapeWallWeakBeginRatio,escapeWallRotMaxX,escapeWallRotMaxY,escapeWallRotDampRatio,escapeWallWingAngY,escapeWallWingLen,escapeWallWingRadius,escapeWallWingSeparate,camCastSphereRadiusForFade,isEnableDefaultCamera,defaultAngX,defaultRot,reserved_default,wireRotX,wireRotY,reserved_wire,playerFadeDist,reserved_other,
0,,0,1.5,0,0.2,0.3,0.15,0.3,[0|0|0|0|0|0|0|0|0|0|0|0],1,1.3962634,[0|0|0|0|0|0|0|0|0|0|0|0|0|0|0|0],0.3,0.1,0.99,0.5,2,[0|0|0|0],1,1,0.4,0.4,0.4,0.1,0.1,0.4,0.17453292,0.34906584,0.4,0.4,0.4,0.3,0,0,2,[0|0|0|0],0,1,2,1,0.6,-0.6981317,1.3962634,-0.5235988,0.5235988,-3.1415927,3.1415927,0.5,3,0.9773844,0.9773844,2.9321532,3.6651914,2.1991148,2.687807,6.1086526,7.574729,1.0471976,0.06,0,0,0,[0|0|0|0|0|0|0|0],0.6,0.3,0,0,0.7,0.4,0.10471976,0.13962634,0.3,0.05,[0|0|0|0|0|0|0|0|0|0|0|0|0|0|0|0|0|0|0|0|0|0|0|0],0,0.2,0.3,2,5,1,[0|0|0|0|0|0|0|0],0.05,0.1,0.3,0,0,0,0,0,0,0,0.01,0.00017453292,0.01,0.01,0.01,0.3,0,0,0,[0|0|0|0],0,0,[0|0|0|0|0|0|0|0],0.5,[0|0|0|0|0|0|0|0|0|0|0|0]
20,,0,1.5,0,0.2,0.3,0.15,0.3,[0|0|0|0|0|0|0|0|0|0|0|0],1,1.3962634,[0|0|0|0|0|0|0|0|0|0|0|0|0|0|0|0],0.3,0.1,0.99,0.5,2,[0|0|0|0],1,1,0.4,0,0.4,0.1,0.1,0.4,0.17453292,0.34906584,0.4,0.4,0.4,0.3,0,0,2,[0|0|0|0],0,1,2,1,0.6,-0.6981317,1.3962634,-0.5235988,0.5235988,-3.1415927,3.1415927,0.5,3,0.9773844,0.9773844,2.9321532,3.6651914,2.1991148,2.687807,6.1086526,7.574729,1.0471976,0.06,0,0,0,[0|0|0|0|0|0|0|0],0.6,0.3,0,0,0.7,0.4,0.10471976,0.13962634,0.3,0.05,[0|0|0|0|0|0|0|0|0|0|0|0|0|0|0|0|0|0|0|0|0|0|0|0],0,0.2,0.3,2,5,1,[0|0|0|0|0|0|0|0],0.05,0.1,0.3,0,0,0,0,0,0,0,0.01,0.00017453292,0.01,0.01,0.01,0.3,0,0,0,[0|0|0|0],0,0,[0|0|0|0|0|0|0|0],0.5,[0|0|0|0|0|0|0|0|0|0|0|0]
22,,0,1.5,0,0.2,0.3,0.15,0.3,[0|0|0|0|0|0|0|0|0|0|0|0],1,1.3962634,[0|0|0|0|0|0|0|0|0|0|0|0|0|0|0|0],0.3,0.1,0.99,0.5,2,[0|0|0|0],1,1,0.4,0.4,0.4,0.1,0.1,0.4,0.17453292,0.34906584,0.4,0.4,0.4,0.3,0,0,2,[0|0|0|0],0,1,2,1,0.6,-0.6981317,1.3962634,-0.5235988,0.5235988,-3.1415927,3.1415927,0.5,3,0.9773844,0.9773844,2.9321532,3.6651914,2.1991148,2.687807,6.1086526,7.574729,1.0471976,0.06,0,0,0,[0|0|0|0|0|0|0|0],0.6,0.3,0,0,0.7,0.4,0.10471976,0.13962634,0.3,0.05,[0|0|0|0|0|0|0|0|0|0|0|0|0|0|0|0|0|0|0|0|0|0|0|0],0,0.2,0.3,2,5,1,[0|0|0|0|0|0|0|0],0.05,0.1,0.3,0,0,0,0,0,0,0,0.01,0.00017453292,0.01,0.01,0.01,0.3,0,0,0,[0|0|0|0],0,0,[0|0|0|0|0|0|0|0],0.5,[0|0|0|0|0|0|0|0|0|0|0|0]
31,,0,1.5,0,0.3,0.3,0.15,0.3,[0|0|0|0|0|0|0|0|0|0|0|0],1,1.3962634,[0|0|0|0|0|0|0|0|0|0|0|0|0|0|0|0],0.3,0.1,0.99,0.5,2,[0|0|0|0],1,1,0.4,0.4,0.4,0.1,0.1,0.4,0.17453292,0.34906584,0.4,0.4,0.4,0.3,0,0,2,[0|0|0|0],0,1,2,1,0.6,-0.6981317,1.3962634,-0.5235988,0.5235988,-3.1415927,3.1415927,0.5,3,0.9773844,0.9773844,2.9321532,3.6651914,2.1991148,2.687807,6.1086526,7.574729,1.0471976,0.06,0,0,0,[0|0|0|0|0|0|0|0],0.6,0.3,0,0,0.7,0.4,0.10471976,0.13962634,0.3,0.05,[0|0|0|0|0|0|0|0|0|0|0|0|0|0|0|0|0|0|0|0|0|0|0|0],0,0.2,0.3,2,5,1,[0|0|0|0|0|0|0|0],0.05,0.1,0.3,0,0,0,0,0,0,0,0.01,0.00017453292,0.01,0.01,0.01,0.3,0,0,0,[0|0|0|0],0,0,[0|0|0|0|0|0|0|0],0.5,[0|0|0|0|0|0|0|0|0|0|0|0]
100,,0,1,0,0.2,0.3,0.15,0.3,[0|0|0|0|0|0|0|0|0|0|0|0],1,1.3962634,[0|0|0|0|0|0|0|0|0|0|0|0|0|0|0|0],0.3,0.1,0.99,0.5,2,[0|0|0|0],1,1,0.4,0.4,0.4,0.1,0.1,0.4,0.17453292,0.34906584,0.4,0.4,0.4,0.3,0,0,2,[0|0|0|0],0,1,2,1,0.6,-0.6981317,1.3962634,-0.5235988,0.5235988,-3.1415927,3.1415927,0.5,3,0.9773844,0.9773844,2.9321532,3.6651914,2.1991148,2.687807,6.1086526,7.574729,1.0471976,0.06,0,0,0,[0|0|0|0|0|0|0|0],0.6,0.3,0,0,0.7,0.4,0.10471976,0.13962634,0.3,0.05,[0|0|0|0|0|0|0|0|0|0|0|0|0|0|0|0|0|0|0|0|0|0|0|0],0,0.2,0.3,2,5,1,[0|0|0|0|0|0|0|0],0.05,0.1,0.3,0,0,0,0,0,0,0,0.01,0.00017453292,0.01,0.01,0.01,0.3,0,0,0,[0|0|0|0],0,0,[0|0|0|0|0|0|0|0],0.5,[0|0|0|0|0|0|0|0|0|0|0|0]
104,,0,1,0,0.2,0.3,0.15,0.3,[0|0|0|0|0|0|0|0|0|0|0|0],1,1.3962634,[0|0|0|0|0|0|0|0|0|0|0|0|0|0|0|0],0.3,0.1,0.99,0.5,2,[0|0|0|0],1,1,0.4,0.4,0.4,0.1,0.1,0.4,0.17453292,0.34906584,0.4,0.4,0.4,0.3,0,0,2,[0|0|0|0],0,1,2,1,0.6,-0.6981317,0.34906584,-0.5235988,0.34906584,-3.1415927,3.1415927,0.5,3,0.9773844,0.9773844,2.9321532,3.6651914,2.1991148,2.687807,6.1086526,7.574729,1.0471976,0.06,0,0,0,[0|0|0|0|0|0|0|0],0.6,0.3,0,0,0.7,0.4,0.10471976,0.13962634,0.3,0.05,[0|0|0|0|0|0|0|0|0|0|0|0|0|0|0|0|0|0|0|0|0|0|0|0],0,0.2,0.3,2,5,1,[0|0|0|0|0|0|0|0],0.05,0.1,0.3,0,0,0,0,0,0,0,0.01,0.00017453292,0.01,0.01,0.01,0.3,0,0,0,[0|0|0|0],0,0,[0|0|0|0|0|0|0|0],0.5,[0|0|0|0|0|0|0|0|0|0|0|0]
120,,0,1,0,0.2,0.3,0.15,0.3,[0|0|0|0|0|0|0|0|0|0|0|0],1,1.3962634,[0|0|0|0|0|0|0|0|0|0|0|0|0|0|0|0],0.3,0.1,0.99,0.5,2,[0|0|0|0],1,1,0.4,0,0.4,0.1,0.1,0.4,0.17453292,0.34906584,0.4,0.4,0.4,0.3,0,0,2,[0|0|0|0],0,1,2,1,0.6,-0.6981317,1.3962634,-0.5235988,0.5235988,-3.1415927,3.1415927,0.5,3,0.9773844,0.9773844,2.9321532,3.6651914,2.1991148,2.687807,6.1086526,7.574729,1.0471976,0.06,0,0,0,[0|0|0|0|0|0|0|0],0.6,0.3,0,0,0.7,0.4,0.10471976,0.13962634,0.3,0.05,[0|0|0|0|0|0|0|0|0|0|0|0|0|0|0|0|0|0|0|0|0|0|0|0],0,0.2,0.3,2,5,1,[0|0|0|0|0|0|0|0],0.05,0.1,0.3,0,0,0,0,0,0,0,0.01,0.00017453292,0.01,0.01,0.01,0.3,0,0,0,[0|0|0|0],0,0,[0|0|0|0|0|0|0|0],0.5,[0|0|0|0|0|0|0|0|0|0|0|0]
131,,0,1,0,0.3,0.3,0.15,0.3,[0|0|0|0|0|0|0|0|0|0|0|0],1,1.3962634,[0|0|0|0|0|0|0|0|0|0|0|0|0|0|0|0],0.3,0.1,0.99,0.5,2,[0|0|0|0],1,1,0.4,0.4,0.4,0.1,0.1,0.4,0.17453292,0.34906584,0.4,0.4,0.4,0.3,0,0,2,[0|0|0|0],0,1,2,1,0.6,-0.6981317,1.3962634,-0.5235988,0.5235988,-3.1415927,3.1415927,0.5,3,0.9773844,0.9773844,2.9321532,3.6651914,2.1991148,2.687807,6.1086526,7.574729,1.0471976,0.06,0,0,0,[0|0|0|0|0|0|0|0],0.6,0.3,0,0,0.7,0.4,0.10471976,0.13962634,0.3,0.05,[0|0|0|0|0|0|0|0|0|0|0|0|0|0|0|0|0|0|0|0|0|0|0|0],0,0.2,0.3,2,5,1,[0|0|0|0|0|0|0|0],0.05,0.1,0.3,0,0,0,0,0,0,0,0.01,0.00017453292,0.01,0.01,0.01,0.3,0,0,0,[0|0|0|0],0,0,[0|0|0|0|0|0|0|0],0.5,[0|0|0|0|0|0|0|0|0|0|0|0]
200,,0,1.25,0,0.2,0.3,0.15,0.3,[0|0|0|0|0|0|0|0|0|0|0|0],1,0,[0|0|0|0|0|0|0|0|0|0|0|0|0|0|0|0],0.3,0.1,0.99,0.5,2,[0|0|0|0],1,1,0.4,0.8,0.4,0.1,0.1,0.4,0.17453292,0.34906584,0.4,0.4,0.4,0.3,0,0,2,[0|0|0|0],0,1,2,1,0.6,-0.6981317,1.3962634,-0.5235988,0.5235988,-1.5707964,1.5707964,0.5,3,0.9773844,0.9773844,2.9321532,3.6651914,2.1991148,2.687807,6.1086526,7.574729,1.0471976,0.06,0,0,3.1415927,[0|0|0|0|0|0|0|0],0.6,0.3,0,0,0.7,0.4,0.10471976,0.13962634,0.3,0.05,[0|0|0|0|0|0|0|0|0|0|0|0|0|0|0|0|0|0|0|0|0|0|0|0],0,0.2,0.3,2,5,1,[0|0|0|0|0|0|0|0],0.05,0.1,0.3,0,0,0,0,0,0,0,0.01,0.00017453292,0.01,0.01,0.01,0.3,0,0,0,[0|0|0|0],0,0,[0|0|0|0|0|0|0|0],0.5,[0|0|0|0|0|0|0|0|0|0|0|0]
300,,1,1.25,0,0.2,0.3,0.15,0.3,[0|0|0|0|0|0|0|0|0|0|0|0],1,0,[0|0|0|0|0|0|0|0|0|0|0|0|0|0|0|0],0.3,0.1,0.99,0.5,2,[0|0|0|0],1,1,0.4,0.8,0.4,0.1,0.1,0.4,0.17453292,0.34906584,0.4,0.4,0.4,0.3,0,0,2,[0|0|0|0],0,1,2,1,0.6,-0.6981317,1.3962634,-0.5235988,0.5235988,-1.5707964,1.5707964,0.5,3,0.9773844,0.9773844,2.9321532,3.6651914,2.1991148,2.687807,6.1086526,7.574729,1.0471976,0.06,0,0,3.1415927,[0|0|0|0|0|0|0|0],0.6,0.3,0,0,0.7,0.4,0.10471976,0.13962634,0.3,0.05,[0|0|0|0|0|0|0|0|0|0|0|0|0|0|0|0|0|0|0|0|0|0|0|0],0,0.2,0.3,2,5,1,[0|0|0|0|0|0|0|0],0.05,0.1,0.3,0,0,0,0,0,0,0,0.01,0.00017453292,0.01,0.01,0.01,0.3,0,0,0,[0|0|0|0],0,0,[0|0|0|0|0|0|0|0],0.5,[0|0|0|0|0|0|0|0|0|0|0|0]
400,,-1,1.25,0,0.2,0.3,0.15,0.3,[0|0|0|0|0|0|0|0|0|0|0|0],1,0,[0|0|0|0|0|0|0|0|0|0|0|0|0|0|0|0],0.3,0.1,0.99,0.5,2,[0|0|0|0],1,1,0.4,0.8,0.4,0.1,0.1,0.4,0.17453292,0.34906584,0.4,0.4,0.4,0.3,0,0,2,[0|0|0|0],0,1,2,1,0.6,-0.6981317,1.3962634,-0.5235988,0.5235988,-1.5707964,1.5707964,0.5,3,0.9773844,0.9773844,2.9321532,3.6651914,2.1991148,2.687807,6.1086526,7.574729,1.0471976,0.06,0,0,3.1415927,[0|0|0|0|0|0|0|0],0.6,0.3,0,0,0.7,0.4,0.10471976,0.13962634,0.3,0.05,[0|0|0|0|0|0|0|0|0|0|0|0|0|0|0|0|0|0|0|0|0|0|0|0],0,0.2,0.3,2,5,1,[0|0|0|0|0|0|0|0],0.05,0.1,0.3,0,0,0,0,0,0,0,0.01,0.00017453292,0.01,0.01,0.01,0.3,0,0,0,[0|0|0|0],0,0,[0|0|0|0|0|0|0|0],0.5,[0|0|0|0|0|0|0|0|0|0|0|0]
500,,0,2,0,0.2,0.3,0.15,0.3,[0|0|0|0|0|0|0|0|0|0|0|0],1,0,[0|0|0|0|0|0|0|0|0|0|0|0|0|0|0|0],0.3,0.1,0.99,0.5,2,[0|0|0|0],1,1,0.4,0.8,0.4,0.1,0.1,0.4,0.17453292,0.34906584,0.4,0.4,0.4,0.3,0,0,2,[0|0|0|0],0,1,2,1,0.6,-0.6981317,1.3962634,-0.5235988,0.5235988,-3.1415927,3.1415927,0.5,3,0.9773844,0.9773844,2.9321532,3.6651914,2.1991148,2.687807,6.1086526,7.574729,1.0471976,0.06,0,3.1415927,0,[0|0|0|0|0|0|0|0],0.6,0.3,0,0,0.7,0.4,0.10471976,0.13962634,0.3,0.05,[0|0|0|0|0|0|0|0|0|0|0|0|0|0|0|0|0|0|0|0|0|0|0|0],0,0.2,0.3,2,5,1,[0|0|0|0|0|0|0|0],0.05,0.1,0.3,0,0,0,0,0,0,0,0.01,0.00017453292,0.01,0.01,0.01,0.3,0,0,0,[0|0|0|0],0,0,[0|0|0|0|0|0|0|0],0.5,[0|0|0|0|0|0|0|0|0|0|0|0]
521,,0,4,0,0.2,0.3,0.15,0.3,[0|0|0|0|0|0|0|0|0|0|0|0],1,0,[0|0|0|0|0|0|0|0|0|0|0|0|0|0|0|0],0.3,0.1,0.99,0.5,2,[0|0|0|0],1,1,0.4,0.8,0.4,0.1,0.1,0.4,0.17453292,0.34906584,0.4,0.4,0.4,0.3,0,0,2,[0|0|0|0],0,1,2,1,0.6,-0.6981317,1.3962634,-0.5235988,0.5235988,-3.1415927,3.1415927,0.5,3,0.9773844,0.9773844,2.9321532,3.6651914,2.1991148,2.687807,6.1086526,7.574729,1.0471976,0.06,0,3.1415927,0,[0|0|0|0|0|0|0|0],0.6,0.3,0,0,0.7,0.4,0.10471976,0.13962634,0.3,0.05,[0|0|0|0|0|0|0|0|0|0|0|0|0|0|0|0|0|0|0|0|0|0|0|0],0,0.2,0.3,2,5,1,[0|0|0|0|0|0|0|0],0.05,0.1,0.3,0,0,0,0,0,0,0,0.01,0.00017453292,0.01,0.01,0.01,0.3,0,0,0,[0|0|0|0],0,0,[0|0|0|0|0|0|0|0],0.5,[0|0|0|0|0|0|0|0|0|0|0|0]
700,,0,1,0,0.2,0.3,0.15,0.3,[0|0|0|0|0|0|0|0|0|0|0|0],1,1.3962634,[0|0|0|0|0|0|0|0|0|0|0|0|0|0|0|0],0.3,0.1,0.99,0.5,2,[0|0|0|0],1,1,0.4,0.4,0.4,0.1,0.1,0.4,0.17453292,0.34906584,0.4,0.4,0.4,0.3,0,0,2,[0|0|0|0],0,1,2,1,0.6,-0.6981317,1.3962634,-0.5235988,0.5235988,-3.1415927,3.1415927,0.5,3,0.9773844,0.9773844,2.9321532,3.6651914,2.1991148,2.687807,6.1086526,7.574729,1.0471976,0.06,0,0,0,[0|0|0|0|0|0|0|0],0.6,0.3,0,0,0.7,0.4,0.10471976,0.13962634,0.3,0.05,[0|0|0|0|0|0|0|0|0|0|0|0|0|0|0|0|0|0|0|0|0|0|0|0],0,0.2,0.3,2,5,1,[0|0|0|0|0|0|0|0],0.05,0.1,0.3,0,0,0,0,0,0,0,0.01,0.00017453292,0.01,0.01,0.01,0.3,0,0,0,[0|0|0|0],0,0,[0|0|0|0|0|0|0|0],0.5,[0|0|0|0|0|0|0|0|0|0|0|0]
800,,0,1.5,0,0.2,0.3,0.15,0.3,[0|0|0|0|0|0|0|0|0|0|0|0],1,1.3962634,[0|0|0|0|0|0|0|0|0|0|0|0|0|0|0|0],0.3,0.1,0.99,0.5,2,[0|0|0|0],1,1,0.4,0.4,0.4,0.1,0.1,0.4,0.17453292,0.34906584,0.4,0.4,0.4,0.3,0,0,2,[0|0|0|0],0,1,2,1,0.6,-0.6981317,1.3962634,-0.5235988,0.5235988,-3.1415927,3.1415927,0.5,3,0.9773844,0.9773844,2.9321532,3.6651914,2.1991148,2.687807,6.1086526,7.574729,1.0471976,0.06,0,0,0,[0|0|0|0|0|0|0|0],0.6,0.3,0,0,0.7,0.4,0.10471976,0.13962634,0.3,0.05,[0|0|0|0|0|0|0|0|0|0|0|0|0|0|0|0|0|0|0|0|0|0|0|0],0,0.2,0.3,2,5,1,[0|0|0|0|0|0|0|0],0.05,0.1,0.3,0,0,0,0,0,0,0,0.01,0.00017453292,0.01,0.01,0.01,0.3,0,0,0,[0|0|0|0],0,0,[0|0|0|0|0|0|0|0],0.5,[0|0|0|0|0|0|0|0|0|0|0|0]
900,,0,1.5,0,0.2,0.3,0.15,0.3,[0|0|0|0|0|0|0|0|0|0|0|0],1,1.3962634,[0|0|0|0|0|0|0|0|0|0|0|0|0|0|0|0],0.3,0.1,0.99,0.5,2,[0|0|0|0],1,1,0.4,0.4,0.4,0.1,0.1,0.4,0.17453292,0.34906584,0.4,0.4,0.4,0.3,0,0,2,[0|0|0|0],0,1,2,1,0.6,-0.6981317,1.3962634,-0.5235988,0.5235988,-3.1415927,3.1415927,0.5,3,0.9773844,0.9773844,2.9321532,3.6651914,2.1991148,2.687807,6.1086526,7.574729,1.0471976,0.06,0,0,0,[0|0|0|0|0|0|0|0],0.6,0.3,0,0,0.7,0.4,0.10471976,0.13962634,0.3,0.05,[0|0|0|0|0|0|0|0|0|0|0|0|0|0|0|0|0|0|0|0|0|0|0|0],0,0.2,0.3,2,5,1,[0|0|0|0|0|0|0|0],0.05,0.1,0.3,0,0,0,0,0,0,0,0.01,0.00017453292,0.01,0.01,0.01,0.3,0,0,0,[0|0|0|0],0,0,[0|0|0|0|0|0|0|0],0.5,[0|0|0|0|0|0|0|0|0|0|0|0]
903,,0,1.5,0,0.2,0.3,0.15,0.3,[0|0|0|0|0|0|0|0|0|0|0|0],0,1.3962634,[0|0|0|0|0|0|0|0|0|0|0|0|0|0|0|0],0.3,0.1,0.99,0.5,2,[0|0|0|0],1,1,0.4,0.4,0.4,0.1,0.1,0.4,0.17453292,0.34906584,0.4,0.4,0.4,0.3,0,0,2,[0|0|0|0],0,1,2,1,0.6,-0.6981317,1.3962634,-0.5235988,0.5235988,-3.1415927,3.1415927,0.5,3,0.9773844,0.9773844,2.9321532,3.6651914,2.1991148,2.687807,6.1086526,7.574729,1.0471976,0.06,0,0,0,[0|0|0|0|0|0|0|0],0.6,0.3,0,0,0.7,0.4,0.10471976,0.13962634,0.3,0.05,[0|0|0|0|0|0|0|0|0|0|0|0|0|0|0|0|0|0|0|0|0|0|0|0],0,0.2,0.3,2,5,1,[0|0|0|0|0|0|0|0],0.05,0.1,0.3,0,0,0,0,0,0,0,0.01,0.00017453292,0.01,0.01,0.01,0.3,0,0,0,[0|0|0|0],0,0,[0|0|0|0|0|0|0|0],0.5,[0|0|0|0|0|0|0|0|0|0|0|0]
1000,,0,1.5,0,0.2,0.3,0.15,0.3,[0|0|0|0|0|0|0|0|0|0|0|0],1,1.3962634,[0|0|0|0|0|0|0|0|0|0|0|0|0|0|0|0],0.3,0.1,0.99,0.5,2,[0|0|0|0],1,1,0.4,0.8,0.4,0.1,0.1,0.8,0.17453292,0.34906584,0.4,0.4,0.4,0.3,0,0,2,[0|0|0|0],0,1,2,1,0.6,-0.6981317,1.3962634,-0.5235988,0.5235988,-3.1415927,3.1415927,0.5,3,0.9773844,0.9773844,2.9321532,3.6651914,2.1991148,2.687807,6.1086526,7.574729,1.0471976,0.06,0,0,0,[0|0|0|0|0|0|0|0],0.6,0.3,0,0,0.7,0.4,0.10471976,0.13962634,0.3,0.05,[0|0|0|0|0|0|0|0|0|0|0|0|0|0|0|0|0|0|0|0|0|0|0|0],0,0.2,0.3,2,5,1,[0|0|0|0|0|0|0|0],0.05,0.1,0.3,0,0,0,0,0,0,0,0.01,0.00017453292,0.01,0.01,0.01,0.3,0,0,0,[0|0|0|0],0,0,[0|0|0|0|0|0|0|0],0.5,[0|0|0|0|0|0|0|0|0|0|0|0]
1600,,0,1.5,0,0.2,0.3,0.15,0.3,[0|0|0|0|0|0|0|0|0|0|0|0],1,1.3962634,[0|0|0|0|0|0|0|0|0|0|0|0|0|0|0|0],0.3,0.1,0.99,0.5,2,[0|0|0|0],1,1,0.4,0.8,0.4,0.1,0.1,0.8,0.17453292,0.34906584,0.2,0.2,0.4,0.3,0,0,2,[0|0|0|0],0,1,2,1,0.6,-0.6981317,1.3962634,-0.5235988,0.5235988,-3.1415927,3.1415927,0.5,3,0.9773844,0.9773844,2.9321532,3.6651914,2.1991148,2.687807,6.1086526,7.574729,1.0471976,0.06,0,0,0,[0|0|0|0|0|0|0|0],0.6,0.3,0,0,0.7,0.4,0.10471976,0.13962634,0.3,0.05,[0|0|0|0|0|0|0|0|0|0|0|0|0|0|0|0|0|0|0|0|0|0|0|0],0,0.2,0.3,10,5,1,[0|0|0|0|0|0|0|0],0.05,0.1,0.3,0,0,0,0,0,0,0,0.01,0.00017453292,0.01,0.01,0.01,0.3,0,0,0,[0|0|0|0],0,0,[0|0|0|0|0|0|0|0],0.5,[0|0|0|0|0|0|0|0|0|0|0|0]
1700,,0,1.5,0,0.2,0.3,0.15,0.3,[0|0|0|0|0|0|0|0|0|0|0|0],1,1.3962634,[0|0|0|0|0|0|0|0|0|0|0|0|0|0|0|0],0.3,0.1,0.99,0.5,2,[0|0|0|0],1,1,0.4,0.4,0.4,0.1,0.1,0.8,0.17453292,0.34906584,0.8,0.8,0.4,0.3,0,0,2,[0|0|0|0],0,1,2,1,0.6,-0.6981317,1.3962634,-0.5235988,0.5235988,-3.1415927,3.1415927,0.5,3,0.9773844,0.9773844,2.9321532,3.6651914,2.1991148,2.687807,6.1086526,7.574729,1.0471976,0.06,0,0,0,[0|0|0|0|0|0|0|0],0.6,0.3,0,0,0.7,0.4,0.10471976,0.13962634,0.3,0.05,[0|0|0|0|0|0|0|0|0|0|0|0|0|0|0|0|0|0|0|0|0|0|0|0],0,0.2,0.3,10,5,1,[0|0|0|0|0|0|0|0],0.05,0.1,0.3,0,0,0,0,0,0,0,0.01,0.00017453292,0.01,0.01,0.01,0.3,1,0.2617994,0.7853982,[0|0|0|0],0.7853982,0.7853982,[0|0|0|0|0|0|0|0],0.5,[0|0|0|0|0|0|0|0|0|0|0|0]
1703,,0,1.5,0,0.2,0.3,0.15,0.3,[0|0|0|0|0|0|0|0|0|0|0|0],0,1.3962634,[0|0|0|0|0|0|0|0|0|0|0|0|0|0|0|0],0.3,0.1,0.99,0.5,2,[0|0|0|0],1,1,0.4,0.4,0.4,0.1,0.1,0.8,0.17453292,0.34906584,0.8,0.8,0.4,0.3,0,0,2,[0|0|0|0],0,1,2,1,0.6,-0.6981317,1.3962634,-0.5235988,0.5235988,-3.1415927,3.1415927,0.5,3,0.9773844,0.9773844,2.9321532,3.6651914,2.1991148,2.687807,6.1086526,7.574729,1.0471976,0.06,0,0,0,[0|0|0|0|0|0|0|0],0.6,0.3,0,0,0.7,0.4,0.10471976,0.13962634,0.3,0.05,[0|0|0|0|0|0|0|0|0|0|0|0|0|0|0|0|0|0|0|0|0|0|0|0],0,0.2,0.3,10,5,1,[0|0|0|0|0|0|0|0],0.05,0.1,0.3,0,0,0,0,0,0,0,0.01,0.00017453292,0.01,0.01,0.01,0.3,0,0,0,[0|0|0|0],0,0,[0|0|0|0|0|0|0|0],0.5,[0|0|0|0|0|0|0|0|0|0|0|0]
1800,,0,1.5,0,0.2,0.3,0.15,0.3,[0|0|0|0|0|0|0|0|0|0|0|0],1,1.3962634,[0|0|0|0|0|0|0|0|0|0|0|0|0|0|0|0],0.3,0.1,0.99,0.5,2,[0|0|0|0],1,1,0.4,0.4,0.4,0.1,0.1,0.6,0.17453292,0.34906584,0.4,0.4,0.4,0.3,0,0,2,[0|0|0|0],0,1,2,1,0.6,-0.6981317,1.3962634,-0.5235988,0.5235988,-3.1415927,3.1415927,0.5,3,0.9773844,0.9773844,2.9321532,3.6651914,2.1991148,2.687807,6.1086526,7.574729,1.0471976,0.06,0,0,0,[0|0|0|0|0|0|0|0],0.6,0.3,0,0,0.7,0.4,0.10471976,0.13962634,0.3,0.05,[0|0|0|0|0|0|0|0|0|0|0|0|0|0|0|0|0|0|0|0|0|0|0|0],0,0.2,0.3,10,5,1,[0|0|0|0|0|0|0|0],0.05,0.1,0.3,0,0,0,0,0,0,0,0.01,0.00017453292,0.01,0.01,0.01,0.3,1,0.2617994,0.7853982,[0|0|0|0],0.7853982,0.7853982,[0|0|0|0|0|0|0|0],0.5,[0|0|0|0|0|0|0|0|0|0|0|0]
1803,,0,1.5,0,0.2,0.3,0.15,0.3,[0|0|0|0|0|0|0|0|0|0|0|0],0,1.3962634,[0|0|0|0|0|0|0|0|0|0|0|0|0|0|0|0],0.3,0.1,0.99,0.5,2,[0|0|0|0],1,1,0.4,0.4,0.4,0.1,0.1,0.6,0.17453292,0.34906584,0.4,0.4,0.4,0.3,0,0,2,[0|0|0|0],0,1,2,1,0.6,-0.6981317,1.3962634,-0.5235988,0.5235988,-3.1415927,3.1415927,0.5,3,0.9773844,0.9773844,2.9321532,3.6651914,2.1991148,2.687807,6.1086526,7.574729,1.0471976,0.06,0,0,0,[0|0|0|0|0|0|0|0],0.6,0.3,0,0,0.7,0.4,0.10471976,0.13962634,0.3,0.05,[0|0|0|0|0|0|0|0|0|0|0|0|0|0|0|0|0|0|0|0|0|0|0|0],0,0.2,0.3,10,5,1,[0|0|0|0|0|0|0|0],0.05,0.1,0.3,0,0,0,0,0,0,0,0.01,0.00017453292,0.01,0.01,0.01,0.3,0,0,0,[0|0|0|0],0,0,[0|0|0|0|0|0|0|0],0.5,[0|0|0|0|0|0|0|0|0|0|0|0]
2000,,0,2,0,0.5,0.3,0.15,0.3,[0|0|0|0|0|0|0|0|0|0|0|0],1,1.3962634,[0|0|0|0|0|0|0|0|0|0|0|0|0|0|0|0],0.3,0.1,0.99,0.5,2,[0|0|0|0],1,1,0.4,0.4,0.4,0.1,0.1,0.4,0.17453292,0.34906584,0.4,0.4,0.8,0.6,0,0,2,[0|0|0|0],0,1,2,1,0.6,-0.6981317,1.3962634,-0.5235988,0.5235988,-3.1415927,3.1415927,0.5,3,0.9773844,0.9773844,2.9321532,3.6651914,2.1991148,2.687807,6.1086526,7.574729,1.0471976,0.06,0,0,0,[0|0|0|0|0|0|0|0],0.6,0.3,0,0,0.7,0.4,0.10471976,0.13962634,0.3,0.05,[0|0|0|0|0|0|0|0|0|0|0|0|0|0|0|0|0|0|0|0|0|0|0|0],0,0.2,0.3,2,5,1,[0|0|0|0|0|0|0|0],0.05,0.1,0.3,0,0,0,0,0,0,0,0.01,0.00017453292,0.01,0.01,0.01,0.3,0,0,0,[0|0|0|0],0,0,[0|0|0|0|0|0|0|0],0.5,[0|0|0|0|0|0|0|0|0|0|0|0]
2100,,0,2,0,0.1,0.3,0.15,0.3,[0|0|0|0|0|0|0|0|0|0|0|0],1,1.3962634,[0|0|0|0|0|0|0|0|0|0|0|0|0|0|0|0],0.3,0.1,0.99,0.5,2,[0|0|0|0],1,1,0.4,0.4,0.4,0.1,0.1,0.4,0.17453292,0.34906584,0.4,0.4,0.8,0.6,0,0,2,[0|0|0|0],0,1,2,1,0.6,-0.6981317,1.3962634,-0.5235988,0.5235988,-3.1415927,3.1415927,0.5,3,0.9773844,0.9773844,2.9321532,3.6651914,2.1991148,2.687807,6.1086526,7.574729,1.0471976,0.06,0,0,0,[0|0|0|0|0|0|0|0],0.6,0.3,0,0,0.7,0.4,0.10471976,0.13962634,0.3,0.05,[0|0|0|0|0|0|0|0|0|0|0|0|0|0|0|0|0|0|0|0|0|0|0|0],0,0.2,0.3,2,5,1,[0|0|0|0|0|0|0|0],0.05,0.1,0.3,0,0,0,0,0,0,0,0.01,0.00017453292,0.01,0.01,0.01,0.3,0,0,0,[0|0|0|0],0,0,[0|0|0|0|0|0|0|0],0.5,[0|0|0|0|0|0|0|0|0|0|0|0]
2600,,0,2,0,0.2,0.3,0.15,0.3,[0|0|0|0|0|0|0|0|0|0|0|0],1,1.3962634,[0|0|0|0|0|0|0|0|0|0|0|0|0|0|0|0],0.3,0.1,0.99,0.5,2,[0|0|0|0],1,1,0.4,0.4,0.4,0.1,0.1,0.4,0.17453292,0.34906584,0.4,0.4,0.4,0.3,0,0,2,[0|0|0|0],0,1,2,1,0.6,-0.6981317,1.3962634,-0.5235988,0.5235988,-3.1415927,3.1415927,0.5,3,0.9773844,0.9773844,2.9321532,3.6651914,2.1991148,2.687807,6.1086526,7.574729,1.0471976,0.06,0,0,0,[0|0|0|0|0|0|0|0],0.6,0.3,0,0,0.7,0.4,0.10471976,0.13962634,0.3,0.05,[0|0|0|0|0|0|0|0|0|0|0|0|0|0|0|0|0|0|0|0|0|0|0|0],0,0.2,0.3,10,5,1,[0|0|0|0|0|0|0|0],0.05,0.1,0.3,0,0,0,0,0,0,0,0.01,0.00017453292,0.01,0.01,0.01,0.3,0,0,0,[0|0|0|0],0,0,[0|0|0|0|0|0|0|0],0.5,[0|0|0|0|0|0|0|0|0|0|0|0]
3000,,0,1.5,0,0.5,0.3,0.15,0.3,[0|0|0|0|0|0|0|0|0|0|0|0],1,1.3962634,[0|0|0|0|0|0|0|0|0|0|0|0|0|0|0|0],0.3,0.1,0.99,0.5,2,[0|0|0|0],1,1,0.4,0.4,0.4,0.1,0.1,0.4,0.17453292,0.34906584,0.4,0.4,0.8,0.6,0,0,2,[0|0|0|0],0,1,2,1,0.6,-1.3962634,1.3962634,-0.5235988,0.5235988,-3.1415927,3.1415927,0.5,3,0.9773844,0.9773844,2.9321532,3.6651914,2.1991148,2.687807,6.1086526,7.574729,1.0471976,0.06,0,0,0,[0|0|0|0|0|0|0|0],0.6,0.3,0,0,0.7,0.4,0.10471976,0.13962634,0.3,0.05,[0|0|0|0|0|0|0|0|0|0|0|0|0|0|0|0|0|0|0|0|0|0|0|0],0,0.2,0.3,2,5,1,[0|0|0|0|0|0|0|0],0.05,0.1,0.3,0,0,0,0,0,0,0,0.01,0.00017453292,0.01,0.01,0.01,0.3,0,0,0,[0|0|0|0],0,0,[0|0|0|0|0|0|0|0],0.5,[0|0|0|0|0|0|0|0|0|0|0|0]
3100,,0,1.5,0,0.1,0.3,0.15,0.3,[0|0|0|0|0|0|0|0|0|0|0|0],1,1.3962634,[0|0|0|0|0|0|0|0|0|0|0|0|0|0|0|0],0.3,0.1,0.99,0.5,2,[0|0|0|0],1,1,0.4,0.4,0.4,0.1,0.1,0.4,0.17453292,0.34906584,0.4,0.4,0.8,0.6,0,0,2,[0|0|0|0],0,1,2,1,0.6,-1.3962634,1.3962634,-0.5235988,0.5235988,-3.1415927,3.1415927,0.5,3,0.9773844,0.9773844,2.9321532,3.6651914,2.1991148,2.687807,6.1086526,7.574729,1.0471976,0.06,0,0,0,[0|0|0|0|0|0|0|0],0.6,0.3,0,0,0.7,0.4,0.10471976,0.13962634,0.3,0.05,[0|0|0|0|0|0|0|0|0|0|0|0|0|0|0|0|0|0|0|0|0|0|0|0],0,0.2,0.3,2,5,1,[0|0|0|0|0|0|0|0],0.05,0.1,0.3,0,0,0,0,0,0,0,0.01,0.00017453292,0.01,0.01,0.01,0.3,0,0,0,[0|0|0|0],0,0,[0|0|0|0|0|0|0|0],0.5,[0|0|0|0|0|0|0|0|0|0|0|0]
3200,,0,1.5,0,0.5,0.3,0.15,0.3,[0|0|0|0|0|0|0|0|0|0|0|0],1,1.3962634,[0|0|0|0|0|0|0|0|0|0|0|0|0|0|0|0],0.3,0.1,0.99,0.5,2,[0|0|0|0],1,1,0.4,0.4,0.4,0.1,0.1,0.4,0.17453292,0.34906584,0.4,0.4,0.8,0.6,0,0,2,[0|0|0|0],0,1,2,1,0.6,-1.3962634,1.3962634,-0.5235988,0.5235988,-3.1415927,3.1415927,0.5,3,0.9773844,0.9773844,2.9321532,3.6651914,2.1991148,2.687807,6.1086526,7.574729,1.0471976,0.06,0,0,0,[0|0|0|0|0|0|0|0],0.6,0.3,0,0,0.7,0.4,0.10471976,0.13962634,0.3,0.05,[0|0|0|0|0|0|0|0|0|0|0|0|0|0|0|0|0|0|0|0|0|0|0|0],0,0.2,0.3,2,5,1,[0|0|0|0|0|0|0|0],0.05,0.1,0.3,0,0,0,0,0,0,0,0.01,0.00017453292,0.01,0.01,0.01,0.3,0,0,0,[0|0|0|0],0,0,[0|0|0|0|0|0|0|0],0.5,[0|0|0|0|0|0|0|0|0|0|0|0]
3300,,0,1.5,0,0.1,0.3,0.15,0.3,[0|0|0|0|0|0|0|0|0|0|0|0],1,1.3962634,[0|0|0|0|0|0|0|0|0|0|0|0|0|0|0|0],0.3,0.1,0.99,0.5,2,[0|0|0|0],1,1,0.4,0.4,0.4,0.1,0.1,0.4,0.17453292,0.34906584,0.4,0.4,0.8,0.6,0,0,2,[0|0|0|0],0,1,2,1,0.6,-1.3962634,1.3962634,-0.5235988,0.5235988,-3.1415927,3.1415927,0.5,3,0.9773844,0.9773844,2.9321532,3.6651914,2.1991148,2.687807,6.1086526,7.574729,1.0471976,0.06,0,0,0,[0|0|0|0|0|0|0|0],0.6,0.3,0,0,0.7,0.4,0.10471976,0.13962634,0.3,0.05,[0|0|0|0|0|0|0|0|0|0|0|0|0|0|0|0|0|0|0|0|0|0|0|0],0,0.2,0.3,2,5,1,[0|0|0|0|0|0|0|0],0.05,0.1,0.3,0,0,0,0,0,0,0,0.01,0.00017453292,0.01,0.01,0.01,0.3,0,0,0,[0|0|0|0],0,0,[0|0|0|0|0|0|0|0],0.5,[0|0|0|0|0|0|0|0|0|0|0|0]
3400,,0,1.5,0,0.5,0.3,0.15,0.3,[0|0|0|0|0|0|0|0|0|0|0|0],1,1.3962634,[0|0|0|0|0|0|0|0|0|0|0|0|0|0|0|0],0.3,0.1,0.99,0.5,2,[0|0|0|0],1,1,0.4,0.4,0.4,0.1,0.1,0.4,0.17453292,0.34906584,0.4,0.4,0.8,0.6,0,0,2,[0|0|0|0],0,1,2,1,0.6,-1.3962634,1.3962634,-0.5235988,0.5235988,-3.1415927,3.1415927,0.5,3,0.9773844,0.9773844,2.9321532,3.6651914,2.1991148,2.687807,6.1086526,7.574729,1.0471976,0.06,0,0,0,[0|0|0|0|0|0|0|0],0.6,0.3,0,0,0.7,0.4,0.10471976,0.13962634,0.3,0.05,[0|0|0|0|0|0|0|0|0|0|0|0|0|0|0|0|0|0|0|0|0|0|0|0],0,0.2,0.3,2,5,1,[0|0|0|0|0|0|0|0],0.05,0.1,0.3,0,0,0,0,0,0,0,0.01,0.00017453292,0.01,0.01,0.01,0.3,0,0,0,[0|0|0|0],0,0,[0|0|0|0|0|0|0|0],0.5,[0|0|0|0|0|0|0|0|0|0|0|0]
3500,,0,1.5,0,0.1,0.3,0.15,0.3,[0|0|0|0|0|0|0|0|0|0|0|0],1,1.3962634,[0|0|0|0|0|0|0|0|0|0|0|0|0|0|0|0],0.3,0.1,0.99,0.5,2,[0|0|0|0],1,1,0.4,0.4,0.4,0.1,0.1,0.4,0.17453292,0.34906584,0.4,0.4,0.8,0.6,0,0,2,[0|0|0|0],0,1,2,1,0.6,-1.3962634,1.3962634,-0.5235988,0.5235988,-3.1415927,3.1415927,0.5,3,0.9773844,0.9773844,2.9321532,3.6651914,2.1991148,2.687807,6.1086526,7.574729,1.0471976,0.06,0,0,0,[0|0|0|0|0|0|0|0],0.6,0.3,0,0,0.7,0.4,0.10471976,0.13962634,0.3,0.05,[0|0|0|0|0|0|0|0|0|0|0|0|0|0|0|0|0|0|0|0|0|0|0|0],0,0.2,0.3,2,5,1,[0|0|0|0|0|0|0|0],0.05,0.1,0.3,0,0,0,0,0,0,0,0.01,0.00017453292,0.01,0.01,0.01,0.3,0,0,0,[0|0|0|0],0,0,[0|0|0|0|0|0|0|0],0.5,[0|0|0|0|0|0|0|0|0|0|0|0]
4000,,0,1.5,0,0.2,0.3,0.15,0.3,[0|0|0|0|0|0|0|0|0|0|0|0],1,1.3962634,[0|0|0|0|0|0|0|0|0|0|0|0|0|0|0|0],0.3,0.1,0.99,0.5,2,[0|0|0|0],1,1,0.4,0.4,0.4,0.1,0.1,0.4,0.17453292,0.34906584,0.4,0.4,0.2,0.15,0,0,2,[0|0|0|0],0,1,2,1,0.6,-0.6981317,1.3962634,-0.5235988,0.5235988,-3.1415927,3.1415927,0.5,3,0.9773844,0.9773844,2.9321532,3.6651914,2.1991148,2.687807,6.1086526,7.574729,1.0471976,0.06,0,0,0,[0|0|0|0|0|0|0|0],0.4,0.2,0,0,0.7,0.4,0.10471976,0.13962634,0.3,0.05,[0|0|0|0|0|0|0|0|0|0|0|0|0|0|0|0|0|0|0|0|0|0|0|0],0,0.2,0.3,2,5,1,[0|0|0|0|0|0|0|0],0.05,0.1,0.3,0,0,0,0,0,0,0,0.01,0.00017453292,0.01,0.01,0.01,0.3,0,0,0,[0|0|0|0],0,0,[0|0|0|0|0|0|0|0],0.5,[0|0|0|0|0|0|0|0|0|0|0|0]
4300,,0,1.5,0,0.3,0.6,0.15,0.3,[0|0|0|0|0|0|0|0|0|0|0|0],1,1.3962634,[0|0|0|0|0|0|0|0|0|0|0|0|0|0|0|0],0.3,0.1,0.99,0.5,2,[0|0|0|0],1,1,0.4,0.4,0.4,0.1,0.1,1,0.17453292,0.34906584,0.4,0.4,0.4,0.3,0,0,2,[0|0|0|0],0,1,2,1,0.6,0,0,-0.5235988,0.5235988,-3.1415927,3.1415927,0.5,3,0.9773844,0.9773844,2.9321532,3.6651914,2.1991148,2.687807,6.1086526,7.574729,1.0471976,0.06,0,0,0,[0|0|0|0|0|0|0|0],0.6,0.3,0,0,0.7,0.4,0.10471976,0.13962634,0.3,0.05,[0|0|0|0|0|0|0|0|0|0|0|0|0|0|0|0|0|0|0|0|0|0|0|0],0,0.2,0.3,2,5,1,[0|0|0|0|0|0|0|0],0.05,0.1,0.3,0,0,0,0,0,0,0,0.01,0.00017453292,0.01,0.01,0.01,0.3,1,0,0.5235988,[0|0|0|0],0,0,[0|0|0|0|0|0|0|0],0.5,[0|0|0|0|0|0|0|0|0|0|0|0]
4400,,0,2,0,0.3,0.6,0.15,0.3,[0|0|0|0|0|0|0|0|0|0|0|0],1,1.3962634,[0|0|0|0|0|0|0|0|0|0|0|0|0|0|0|0],0.3,0.1,0.99,0.5,2,[0|0|0|0],1,1,0.4,0.4,0.4,0.1,0.1,1,0.17453292,0.34906584,0.4,0.4,0.4,0.3,0,0,2,[0|0|0|0],0,1,2,1,0.6,0,0,-0.5235988,0.5235988,-3.1415927,3.1415927,0.5,3,0.9773844,0.9773844,2.9321532,3.6651914,2.1991148,2.687807,6.1086526,7.574729,1.0471976,0.06,0,0,0,[0|0|0|0|0|0|0|0],0.6,0.3,0,0,0.7,0.4,0.10471976,0.13962634,0.3,0.05,[0|0|0|0|0|0|0|0|0|0|0|0|0|0|0|0|0|0|0|0|0|0|0|0],0,0.2,0.3,2,5,1,[0|0|0|0|0|0|0|0],0.05,0.1,0.3,0,0,0,0,0,0,0,0.01,0.00017453292,0.01,0.01,0.01,0.3,1,0,0.5235988,[0|0|0|0],0,0,[0|0|0|0|0|0|0|0],0.5,[0|0|0|0|0|0|0|0|0|0|0|0]
5000,,0,1.5,0,1,1,0.15,0.3,[0|0|0|0|0|0|0|0|0|0|0|0],1,1.3962634,[0|0|0|0|0|0|0|0|0|0|0|0|0|0|0|0],0.3,0.1,0.99,0.5,2,[0|0|0|0],1,1,0.4,0.4,0.4,0.1,0.1,0.4,0.17453292,0.34906584,0.4,0.4,0.4,0.3,0,0,2,[0|0|0|0],0,1,2,1,0.6,-0.6981317,1.3962634,-0.5235988,0.5235988,-3.1415927,3.1415927,0.5,3,0.9773844,0.9773844,2.9321532,3.6651914,2.1991148,2.687807,6.1086526,7.574729,1.0471976,0.06,0,0,0,[0|0|0|0|0|0|0|0],0.6,0.3,0,0,0.7,0.4,0.10471976,0.13962634,0.3,0.05,[0|0|0|0|0|0|0|0|0|0|0|0|0|0|0|0|0|0|0|0|0|0|0|0],0,0.2,0.3,2,5,1,[0|0|0|0|0|0|0|0],0.05,0.1,0.3,0,0,0,0,0,0,0,0.01,0.00017453292,0.01,0.01,0.01,0.3,0,0,0,[0|0|0|0],0,0,[0|0|0|0|0|0|0|0],0.5,[0|0|0|0|0|0|0|0|0|0|0|0]
5001,,0,1.5,0,1,1,0.15,0.3,[0|0|0|0|0|0|0|0|0|0|0|0],1,1.3962634,[0|0|0|0|0|0|0|0|0|0|0|0|0|0|0|0],0.3,0.1,0.99,0.5,2,[0|0|0|0],1,1,0.4,0.4,0.4,0.1,0.1,0.4,0.17453292,0.34906584,0.4,0.4,0.4,0.3,0,0,2,[0|0|0|0],0,1,2,1,0.6,-0.6981317,1.3962634,-0.5235988,0.5235988,-3.1415927,3.1415927,0.5,3,0.9773844,0.9773844,2.9321532,3.6651914,2.1991148,2.687807,6.1086526,7.574729,1.0471976,0.06,0,0,0,[0|0|0|0|0|0|0|0],0.6,0.3,0,0,0.7,0.4,0.10471976,0.13962634,0.3,0.05,[0|0|0|0|0|0|0|0|0|0|0|0|0|0|0|0|0|0|0|0|0|0|0|0],0,0.2,0.3,2,5,1,[0|0|0|0|0|0|0|0],0.05,0.1,0.3,0,0,0,0,0,0,0,0.01,0.00017453292,0.01,0.01,0.01,0.3,0,0,0,[0|0|0|0],0,0,[0|0|0|0|0|0|0|0],0.5,[0|0|0|0|0|0|0|0|0|0|0|0]
5100,,0,0.75,0,0.2,0.3,0.15,0.3,[0|0|0|0|0|0|0|0|0|0|0|0],1,1.3962634,[0|0|0|0|0|0|0|0|0|0|0|0|0|0|0|0],0.3,0.1,0.99,0.5,2,[0|0|0|0],1,1,0.4,0.4,0.4,0.1,0.1,0.4,0.17453292,0.34906584,0.4,0.4,0.4,0.3,0,0,2,[0|0|0|0],0,1,2,1,0.6,-0.6981317,1.3962634,-0.5235988,0.5235988,-3.1415927,3.1415927,0.5,3,0.9773844,0.9773844,2.9321532,3.6651914,2.1991148,2.687807,6.1086526,7.574729,1.0471976,0.06,0,0,0,[0|0|0|0|0|0|0|0],0.6,0.3,0,0,0.7,0.4,0.10471976,0.13962634,0.3,0.05,[0|0|0|0|0|0|0|0|0|0|0|0|0|0|0|0|0|0|0|0|0|0|0|0],0,0.2,0.3,2,5,1,[0|0|0|0|0|0|0|0],0.05,0.1,0.3,0,0,0,0,0,0,0,0.01,0.00017453292,0.01,0.01,0.01,0.3,0,0,0,[0|0|0|0],0,0,[0|0|0|0|0|0|0|0],0.5,[0|0|0|0|0|0|0|0|0|0|0|0]
5101,,0,2,0,0.2,0.3,0.15,0.3,[0|0|0|0|0|0|0|0|0|0|0|0],1,1.3962634,[0|0|0|0|0|0|0|0|0|0|0|0|0|0|0|0],0.3,0.1,0.99,0.5,2,[0|0|0|0],1,1,0.3,0.4,0.1,0.1,0.1,0.4,0.17453292,0.34906584,0.1,0.4,0.1,0.3,0,0,2,[0|0|0|0],0,1,2,1,0.6,-0.6981317,1.3962634,-0.5235988,0.5235988,-3.1415927,3.1415927,0.5,3,0.9773844,0.9773844,2.9321532,3.6651914,2.1991148,2.687807,6.1086526,7.574729,1.0471976,0.06,0,0,0,[0|0|0|0|0|0|0|0],0.6,0.3,0,0,0.7,0.4,0.10471976,0.13962634,0.3,0.05,[0|0|0|0|0|0|0|0|0|0|0|0|0|0|0|0|0|0|0|0|0|0|0|0],0,0.2,0.3,2,5,1,[0|0|0|0|0|0|0|0],0.05,0.1,0.3,0,0,0,0,0,0,0,0.01,0.00017453292,0.01,0.01,0.01,0.3,0,0,0,[0|0|0|0],0,0,[0|0|0|0|0|0|0|0],0.5,[0|0|0|0|0|0|0|0|0|0|0|0]
7200,,0,0.75,0,0.2,0.3,0.15,0.3,[0|0|0|0|0|0|0|0|0|0|0|0],1,1.3962634,[0|0|0|0|0|0|0|0|0|0|0|0|0|0|0|0],0.3,0.1,0.99,0.5,2,[0|0|0|0],1,1,0.4,0.4,0.4,0.1,0.1,0.4,0.17453292,0.34906584,0.4,0.4,0.4,0.3,0,0,2,[0|0|0|0],0,1,2,1,0.6,-0.6981317,1.3962634,-0.5235988,0.34906584,-3.1415927,3.1415927,0.5,3,0.9773844,0.9773844,2.9321532,3.6651914,2.1991148,2.687807,6.1086526,7.574729,1.0471976,0.06,0,0,0,[0|0|0|0|0|0|0|0],0.6,0.3,0,0,0.7,0.4,0.10471976,0.13962634,0.3,0.05,[0|0|0|0|0|0|0|0|0|0|0|0|0|0|0|0|0|0|0|0|0|0|0|0],0,0.2,0.3,2,5,1,[0|0|0|0|0|0|0|0],0.05,0.1,0.3,0,0,0,0,0,0,0,0.01,0.00017453292,0.01,0.01,0.01,0.3,0,0,0,[0|0|0|0],0,0,[0|0|0|0|0|0|0|0],0.5,[0|0|0|0|0|0|0|0|0|0|0|0]
9998,,0,1.5,0,0.2,0.3,0.15,0.3,[0|0|0|0|0|0|0|0|0|0|0|0],1,0,[0|0|0|0|0|0|0|0|0|0|0|0|0|0|0|0],0.3,0.1,0.99,0.5,2,[0|0|0|0],1,1,0.4,0.4,0.4,0.1,0.1,0.4,0.17453292,0.34906584,0.4,0.4,0.4,0.3,0,0,2,[0|0|0|0],0,1,2,1,0.6,-0.6981317,1.3962634,-0.5235988,0.5235988,-3.1415927,3.1415927,0.5,3,0.9773844,0.9773844,2.9321532,3.6651914,2.1991148,2.687807,6.1086526,7.574729,1.0471976,0.06,0,0,0,[0|0|0|0|0|0|0|0],0.6,0.3,0,0,0.7,0.4,0.10471976,0.13962634,0.3,0.05,[0|0|0|0|0|0|0|0|0|0|0|0|0|0|0|0|0|0|0|0|0|0|0|0],0,0.2,0.3,2,5,1,[0|0|0|0|0|0|0|0],0.05,0.1,0.3,0,0,0,0,0,0,0,0.01,0.00017453292,0.01,0.01,0.01,0.3,0,0,0,[0|0|0|0],0,0,[0|0|0|0|0|0|0|0],0.5,[0|0|0|0|0|0|0|0|0|0|0|0]
10000,,0,1.5,0,0.7,0.5,0.2,0.2,[0|0|0|0|0|0|0|0|0|0|0|0],1,0,[0|0|0|0|0|0|0|0|0|0|0|0|0|0|0|0],0.3,0.1,0.99,0.5,2,[0|0|0|0],1,1,1,1,1,1,0.1,1,0,0,0.7,0.7,0.4,0.3,0,0,2,[0|0|0|0],0,1,2,1,0.6,-0.6981317,1.3962634,-0.5235988,0.5235988,-3.1415927,3.1415927,0.5,3,0.9773844,0.9773844,2.9321532,3.6651914,2.1991148,2.687807,6.1086526,7.574729,1.0471976,0.06,0,0,0,[0|0|0|0|0|0|0|0],0.6,0.3,0,0,0.7,0.4,0.10471976,0.13962634,0.3,0.05,[0|0|0|0|0|0|0|0|0|0|0|0|0|0|0|0|0|0|0|0|0|0|0|0],0,0.2,0.3,2,5,1,[0|0|0|0|0|0|0|0],0.05,0.1,0.3,0,0,0,0,0,0,0,0.01,0.00017453292,0.01,0.01,0.01,0.3,0,0,0,[0|0|0|0],0,0,[0|0|0|0|0|0|0|0],0.5,[0|0|0|0|0|0|0|0|0|0|0|0]
59210,,0,1.5,0,0.2,0.3,0.15,0.3,[0|0|0|0|0|0|0|0|0|0|0|0],1,0,[0|0|0|0|0|0|0|0|0|0|0|0|0|0|0|0],0.3,0.1,0.99,0.5,2,[0|0|0|0],1,1,0.4,0.4,0.4,0.1,0.1,0.4,0.17453292,0.34906584,0.4,0.4,0.4,0.3,0,0,2,[0|0|0|0],0,1,2,1,0.6,-0.6981317,1.3962634,-0.5235988,0.5235988,-3.1415927,3.1415927,0.5,3,0.9773844,0.9773844,2.9321532,3.6651914,2.1991148,2.687807,6.1086526,7.574729,1.0471976,0.06,0,0,0,[0|0|0|0|0|0|0|0],0.6,0.3,0,0,0.7,0.4,0.10471976,0.13962634,0.3,0.05,[0|0|0|0|0|0|0|0|0|0|0|0|0|0|0|0|0|0|0|0|0|0|0|0],0,0.2,0.3,2,5,1,[0|0|0|0|0|0|0|0],0.05,0.1,0.3,0,0,0,0,0,0,0,0.01,0.00017453292,0.01,0.01,0.01,0.3,0,0,0,[0|0|0|0],0,0,[0|0|0|0|0|0|0|0],0.5,[0|0|0|0|0|0|0|0|0|0|0|0]
5080000,,0,1.5,0,0.2,0.3,0.15,0.3,[0|0|0|0|0|0|0|0|0|0|0|0],1,1.3962634,[0|0|0|0|0|0|0|0|0|0|0|0|0|0|0|0],0.3,0.1,0.99,0.5,2,[0|0|0|0],1,1,0.4,0.4,0.4,0.1,0.1,0.4,0.17453292,0.34906584,0.4,0.4,0.4,0.3,0,0,2,[0|0|0|0],0,1,2,1,0.6,-0.6981317,1.3962634,-0.5235988,0.5235988,-3.1415927,3.1415927,0.5,3,0.9773844,0.9773844,2.9321532,3.6651914,2.1991148,2.687807,6.1086526,7.574729,1.0471976,0.06,0,0,0,[0|0|0|0|0|0|0|0],0.4,0.2,0,0,0.7,0.4,0.10471976,0.13962634,0.3,0.05,[0|0|0|0|0|0|0|0|0|0|0|0|0|0|0|0|0|0|0|0|0|0|0|0],0,0.2,0.3,2,5,1,[0|0|0|0|0|0|0|0],0.05,0.1,0.3,0,0,0,0,0,0,0,0.01,0.00017453292,0.01,0.01,0.01,0.3,0,0,0,[0|0|0|0],0,0,[0|0|0|0|0|0|0|0],0.5,[0|0|0|0|0|0|0|0|0|0|0|0]
5080001,,0,1,0,0.2,0.3,0.15,0.3,[0|0|0|0|0|0|0|0|0|0|0|0],1,1.3962634,[0|0|0|0|0|0|0|0|0|0|0|0|0|0|0|0],0.3,0.1,0.99,0.5,2,[0|0|0|0],1,1,0.4,0.4,0.4,0.1,0.1,0.4,0.17453292,0.34906584,0.4,0.4,0.4,0.3,0,0,2,[0|0|0|0],0,1,2,1,0.6,-0.6981317,1.3962634,-0.5235988,0.5235988,-3.1415927,3.1415927,0.5,3,0.9773844,0.9773844,2.9321532,3.6651914,2.1991148,2.687807,6.1086526,7.574729,1.0471976,0.06,0,0,0,[0|0|0|0|0|0|0|0],0.4,0.2,0,0,0.7,0.4,0.10471976,0.13962634,0.3,0.05,[0|0|0|0|0|0|0|0|0|0|0|0|0|0|0|0|0|0|0|0|0|0|0|0],0,0.2,0.3,2,5,1,[0|0|0|0|0|0|0|0],0.05,0.1,0.3,0,0,0,0,0,0,0,0.01,0.00017453292,0.01,0.01,0.01,0.3,0,0,0,[0|0|0|0],0,0,[0|0|0|0|0|0|0|0],0.5,[0|0|0|0|0|0|0|0|0|0|0|0]
5080007,,0,1,0,0.2,0.3,0.15,0.3,[0|0|0|0|0|0|0|0|0|0|0|0],1,1.3962634,[0|0|0|0|0|0|0|0|0|0|0|0|0|0|0|0],0.3,0.1,0.99,0.5,2,[0|0|0|0],1,1,0.4,0.4,0.4,0.1,0.1,0.4,0.17453292,0.34906584,0.4,0.4,0.4,0.3,0,0,2,[0|0|0|0],0,1,2,1,0.6,-0.6981317,1.3962634,-0.5235988,0.5235988,-3.1415927,3.1415927,0.5,3,0.9773844,0.9773844,2.9321532,3.6651914,2.1991148,2.687807,6.1086526,7.574729,1.0471976,0.06,0,0,0,[0|0|0|0|0|0|0|0],0.4,0.2,0,0,0.7,0.4,0.10471976,0.13962634,0.3,0.05,[0|0|0|0|0|0|0|0|0|0|0|0|0|0|0|0|0|0|0|0|0|0|0|0],0,0.2,0.3,2,5,1,[0|0|0|0|0|0|0|0],0.05,0.1,0.3,0,0,0,0,0,0,0,0.01,0.00017453292,0.01,0.01,0.01,0.3,0,0,0,[0|0|0|0],0,0,[0|0|0|0|0|0|0|0],0.5,[0|0|0|0|0|0|0|0|0|0|0|0]
5090100,,0,1.5,0,0.2,0.3,0.15,0.3,[0|0|0|0|0|0|0|0|0|0|0|0],1,1.3962634,[0|0|0|0|0|0|0|0|0|0|0|0|0|0|0|0],0.3,0.1,0.99,0.5,2,[0|0|0|0],1,1,0.4,0.4,0.4,0.1,0.1,0.4,0.17453292,0.34906584,0.4,0.4,0.4,0.3,0,0,2,[0|0|0|0],0,1,2,1,0.6,-0.6981317,1.3962634,-0.5235988,0.5235988,-3.1415927,3.1415927,0.5,3,0.9773844,0.9773844,2.9321532,3.6651914,2.1991148,2.687807,6.1086526,7.574729,1.0471976,0.06,0,0,0,[0|0|0|0|0|0|0|0],0.4,0.075,0,0,0.7,0.4,0.10471976,0.13962634,0.3,0.05,[0|0|0|0|0|0|0|0|0|0|0|0|0|0|0|0|0|0|0|0|0|0|0|0],0,0.2,0.3,2,5,1,[0|0|0|0|0|0|0|0],0.05,0.1,0.3,0,0,0,0,0,0,0,0.01,0.00017453292,0.01,0.01,0.01,0.3,0,0,0,[0|0|0|0],0,0,[0|0|0|0|0|0|0|0],0.5,[0|0|0|0|0|0|0|0|0|0|0|0]
5090101,,0,1,0,0.2,0.3,0.15,0.3,[0|0|0|0|0|0|0|0|0|0|0|0],1,1.3962634,[0|0|0|0|0|0|0|0|0|0|0|0|0|0|0|0],0.3,0.1,0.99,0.5,2,[0|0|0|0],1,1,0.4,0.4,0.4,0.1,0.1,0.4,0.17453292,0.34906584,0.4,0.4,0.4,0.3,0,0,2,[0|0|0|0],0,1,2,1,0.6,-0.6981317,1.3962634,-0.5235988,0.5235988,-3.1415927,3.1415927,0.5,3,0.9773844,0.9773844,2.9321532,3.6651914,2.1991148,2.687807,6.1086526,7.574729,1.0471976,0.06,0,0,0,[0|0|0|0|0|0|0|0],0.4,0.075,0,0,0.7,0.4,0.10471976,0.13962634,0.3,0.05,[0|0|0|0|0|0|0|0|0|0|0|0|0|0|0|0|0|0|0|0|0|0|0|0],0,0.2,0.3,2,5,1,[0|0|0|0|0|0|0|0],0.05,0.1,0.3,0,0,0,0,0,0,0,0.01,0.00017453292,0.01,0.01,0.01,0.3,0,0,0,[0|0|0|0],0,0,[0|0|0|0|0|0|0|0],0.5,[0|0|0|0|0|0|0|0|0|0|0|0]
5090107,,0,1,0,0.2,0.3,0.15,0.3,[0|0|0|0|0|0|0|0|0|0|0|0],1,1.3962634,[0|0|0|0|0|0|0|0|0|0|0|0|0|0|0|0],0.3,0.1,0.99,0.5,2,[0|0|0|0],1,1,0.4,0.4,0.4,0.1,0.1,0.4,0.17453292,0.34906584,0.4,0.4,0.4,0.3,0,0,2,[0|0|0|0],0,1,2,1,0.6,-0.6981317,1.3962634,-0.5235988,0.5235988,-3.1415927,3.1415927,0.5,3,0.9773844,0.9773844,2.9321532,3.6651914,2.1991148,2.687807,6.1086526,7.574729,1.0471976,0.06,0,0,0,[0|0|0|0|0|0|0|0],0.4,0.075,0,0,0.7,0.4,0.10471976,0.13962634,0.3,0.05,[0|0|0|0|0|0|0|0|0|0|0|0|0|0|0|0|0|0|0|0|0|0|0|0],0,0.2,0.3,2,5,1,[0|0|0|0|0|0|0|0],0.05,0.1,0.3,0,0,0,0,0,0,0,0.01,0.00017453292,0.01,0.01,0.01,0.3,0,0,0,[0|0|0|0],0,0,[0|0|0|0|0|0|0|0],0.5,[0|0|0|0|0|0|0|0|0|0|0|0]
5100000,,0,2,0,0.3,0.3,0.15,0.3,[0|0|0|0|0|0|0|0|0|0|0|0],1,1.3962634,[0|0|0|0|0|0|0|0|0|0|0|0|0|0|0|0],0.3,0.1,0.99,0.5,2,[0|0|0|0],1,1,0.4,0.4,0.4,0.1,0.1,0.4,0.17453292,0.34906584,0.4,0.4,0.4,0.3,0,0,2,[0|0|0|0],0,1,2,1,0.6,-0.6981317,1.3962634,-0.5235988,0.5235988,-3.1415927,3.1415927,0.5,3,0.9773844,0.9773844,2.9321532,3.6651914,2.1991148,2.687807,6.1086526,7.574729,1.0471976,0.06,0,0,0,[0|0|0|0|0|0|0|0],0.5,0.2,0,0,0.7,0.4,0.10471976,0.13962634,0.3,0.05,[0|0|0|0|0|0|0|0|0|0|0|0|0|0|0|0|0|0|0|0|0|0|0|0],0,0.2,0.3,2,5,1,[0|0|0|0|0|0|0|0],0.05,0.1,0.3,0,0,0,0,0,0,0,0.01,0.00017453292,0.01,0.01,0.01,0.3,0,0,0,[0|0|0|0],0,0,[0|0|0|0|0|0|0|0],0.5,[0|0|0|0|0|0|0|0|0|0|0|0]
5100001,,0,1.5,0,0.3,0.3,0.15,0.3,[0|0|0|0|0|0|0|0|0|0|0|0],1,1.3962634,[0|0|0|0|0|0|0|0|0|0|0|0|0|0|0|0],0.3,0.1,0.99,0.5,2,[0|0|0|0],1,1,0.4,0.4,0.4,0.1,0.1,0.4,0.17453292,0.34906584,0.4,0.4,0.4,0.3,0,0,2,[0|0|0|0],0,1,2,1,0.6,-0.6981317,1.3962634,-0.5235988,0.5235988,-3.1415927,3.1415927,0.5,3,0.9773844,0.9773844,2.9321532,3.6651914,2.1991148,2.687807,6.1086526,7.574729,1.0471976,0.06,0,0,0,[0|0|0|0|0|0|0|0],0.5,0.2,0,0,0.7,0.4,0.10471976,0.13962634,0.3,0.05,[0|0|0|0|0|0|0|0|0|0|0|0|0|0|0|0|0|0|0|0|0|0|0|0],0,0.2,0.3,2,5,1,[0|0|0|0|0|0|0|0],0.05,0.1,0.3,0,0,0,0,0,0,0,0.01,0.00017453292,0.01,0.01,0.01,0.3,0,0,0,[0|0|0|0],0,0,[0|0|0|0|0|0|0|0],0.5,[0|0|0|0|0|0|0|0|0|0|0|0]
5100007,,0,1.5,0,0.3,0.3,0.15,0.3,[0|0|0|0|0|0|0|0|0|0|0|0],1,1.3962634,[0|0|0|0|0|0|0|0|0|0|0|0|0|0|0|0],0.3,0.1,0.99,0.5,2,[0|0|0|0],1,1,0.4,0.4,0.4,0.1,0.1,0.4,0.17453292,0.34906584,0.4,0.4,0.4,0.3,0,0,2,[0|0|0|0],0,1,2,1,0.6,-0.6981317,1.3962634,-0.5235988,0.5235988,-3.1415927,3.1415927,0.5,3,0.9773844,0.9773844,2.9321532,3.6651914,2.1991148,2.687807,6.1086526,7.574729,1.0471976,0.06,0,0,0,[0|0|0|0|0|0|0|0],0.5,0.2,0,0,0.7,0.4,0.10471976,0.13962634,0.3,0.05,[0|0|0|0|0|0|0|0|0|0|0|0|0|0|0|0|0|0|0|0|0|0|0|0],0,0.2,0.3,2,5,1,[0|0|0|0|0|0|0|0],0.05,0.1,0.3,0,0,0,0,0,0,0,0.01,0.00017453292,0.01,0.01,0.01,0.3,0,0,0,[0|0|0|0],0,0,[0|0|0|0|0|0|0|0],0.5,[0|0|0|0|0|0|0|0|0|0|0|0]
5200000,,0,2.5,0,0.2,0.3,0.15,0.3,[0|0|0|0|0|0|0|0|0|0|0|0],1,1.3962634,[0|0|0|0|0|0|0|0|0|0|0|0|0|0|0|0],0.3,0.1,0.99,0.5,2,[0|0|0|0],1,1,0.4,0.4,0.4,0.1,0.1,0.4,0.17453292,0.34906584,0.4,0.4,0.4,0.3,0,0,2,[0|0|0|0],0,1,2,1,0.6,-0.6981317,1.3962634,-0.5235988,0.5235988,-3.1415927,3.1415927,0.5,3,0.9773844,0.9773844,2.9321532,3.6651914,2.1991148,2.687807,6.1086526,7.574729,1.0471976,0.06,0,0,0,[0|0|0|0|0|0|0|0],0.6,0.15,0,0,0.7,0.4,0.10471976,0.13962634,0.3,0.05,[0|0|0|0|0|0|0|0|0|0|0|0|0|0|0|0|0|0|0|0|0|0|0|0],0,0.2,0.3,2,5,1,[0|0|0|0|0|0|0|0],0.05,0.1,0.3,0,0,0,0,0,0,0,0.01,0.00017453292,0.01,0.01,0.01,0.3,0,0,0,[0|0|0|0],0,0,[0|0|0|0|0|0|0|0],0.5,[0|0|0|0|0|0|0|0|0|0|0|0]
5200001,,0,2,0,0.2,0.3,0.15,0.3,[0|0|0|0|0|0|0|0|0|0|0|0],1,1.3962634,[0|0|0|0|0|0|0|0|0|0|0|0|0|0|0|0],0.3,0.1,0.99,0.5,2,[0|0|0|0],1,1,0.4,0.4,0.4,0.1,0.1,0.4,0.17453292,0.34906584,0.4,0.4,0.4,0.3,0,0,2,[0|0|0|0],0,1,2,1,0.6,-0.6981317,1.3962634,-0.5235988,0.5235988,-3.1415927,3.1415927,0.5,3,0.9773844,0.9773844,2.9321532,3.6651914,2.1991148,2.687807,6.1086526,7.574729,1.0471976,0.06,0,0,0,[0|0|0|0|0|0|0|0],0.6,0.3,0,0,0.7,0.4,0.10471976,0.13962634,0.3,0.05,[0|0|0|0|0|0|0|0|0|0|0|0|0|0|0|0|0|0|0|0|0|0|0|0],0,0.2,0.3,2,5,1,[0|0|0|0|0|0|0|0],0.05,0.1,0.3,0,0,0,0,0,0,0,0.01,0.00017453292,0.01,0.01,0.01,0.3,0,0,0,[0|0|0|0],0,0,[0|0|0|0|0|0|0|0],0.5,[0|0|0|0|0|0|0|0|0|0|0|0]
5200007,,0,2,0,0.2,0.3,0.15,0.3,[0|0|0|0|0|0|0|0|0|0|0|0],1,1.3962634,[0|0|0|0|0|0|0|0|0|0|0|0|0|0|0|0],0.3,0.1,0.99,0.5,2,[0|0|0|0],1,1,0.4,0.4,0.4,0.1,0.1,0.4,0.17453292,0.34906584,0.4,0.4,0.4,0.3,0,0,2,[0|0|0|0],0,1,2,1,0.6,-0.6981317,1.3962634,-0.5235988,0.5235988,-3.1415927,3.1415927,0.5,3,0.9773844,0.9773844,2.9321532,3.6651914,2.1991148,2.687807,6.1086526,7.574729,1.0471976,0.06,0,0,0,[0|0|0|0|0|0|0|0],0.6,0.3,0,0,0.7,0.4,0.10471976,0.13962634,0.3,0.05,[0|0|0|0|0|0|0|0|0|0|0|0|0|0|0|0|0|0|0|0|0|0|0|0],0,0.2,0.3,2,5,1,[0|0|0|0|0|0|0|0],0.05,0.1,0.3,0,0,0,0,0,0,0,0.01,0.00017453292,0.01,0.01,0.01,0.3,0,0,0,[0|0|0|0],0,0,[0|0|0|0|0|0|0|0],0.5,[0|0|0|0|0|0|0|0|0|0|0|0]
5200009,,0,2.5,0,0.2,0.3,0.15,0.3,[0|0|0|0|0|0|0|0|0|0|0|0],1,1.3962634,[0|0|0|0|0|0|0|0|0|0|0|0|0|0|0|0],0.3,0.1,0.99,0.5,2,[0|0|0|0],1,1,0.4,0.4,0.4,0.1,0.1,0.4,0.17453292,0.34906584,0.4,0.4,0.4,0.3,0,0,2,[0|0|0|0],0,1,2,1,0.6,-0.6981317,1.3962634,-0.5235988,0.5235988,-3.1415927,3.1415927,0.5,3,0.9773844,0.9773844,2.9321532,3.6651914,2.1991148,2.687807,6.1086526,7.574729,1.0471976,0.06,0,0,0,[0|0|0|0|0|0|0|0],0.6,0.3,0,0,0.7,0.4,0.10471976,0.13962634,0.3,0.05,[0|0|0|0|0|0|0|0|0|0|0|0|0|0|0|0|0|0|0|0|0|0|0|0],0,0.2,0.3,2,5,1,[0|0|0|0|0|0|0|0],0.05,0.1,0.3,0,0,0,0,0,0,0,0.01,0.00017453292,0.01,0.01,0.01,0.3,0,0,0,[0|0|0|0],0,0,[0|0|0|0|0|0|0|0],0.5,[0|0|0|0|0|0|0|0|0|0|0|0]
5200010,,0,2.5,0,0.2,0.3,0.15,0.3,[0|0|0|0|0|0|0|0|0|0|0|0],1,1.3962634,[0|0|0|0|0|0|0|0|0|0|0|0|0|0|0|0],0.3,0.1,0.99,0.5,2,[0|0|0|0],1,1,0.4,0.8,0.4,0.1,0.1,0.8,0.17453292,0.34906584,0.4,0.4,0.4,0.3,0,0,2,[0|0|0|0],0,1,2,1,0.6,-0.6981317,1.3962634,-0.5235988,0.5235988,-3.1415927,3.1415927,0.5,3,0.9773844,0.9773844,2.9321532,3.6651914,2.1991148,2.687807,6.1086526,7.574729,1.0471976,0.06,0,0,0,[0|0|0|0|0|0|0|0],0.6,0.3,0,0,0.7,0.4,0.10471976,0.13962634,0.3,0.05,[0|0|0|0|0|0|0|0|0|0|0|0|0|0|0|0|0|0|0|0|0|0|0|0],0,0.2,0.3,2,5,1,[0|0|0|0|0|0|0|0],0.05,0.1,0.3,0,0,0,0,0,0,0,0.01,0.00017453292,0.01,0.01,0.01,0.3,0,0,0,[0|0|0|0],0,0,[0|0|0|0|0|0|0|0],0.5,[0|0|0|0|0|0|0|0|0|0|0|0]
5200016,,0,2.5,0,0.2,0.3,0.15,0.3,[0|0|0|0|0|0|0|0|0|0|0|0],1,1.3962634,[0|0|0|0|0|0|0|0|0|0|0|0|0|0|0|0],0.3,0.1,0.99,0.5,2,[0|0|0|0],1,1,0.4,0.8,0.4,0.1,0.1,0.8,0.17453292,0.34906584,0.2,0.2,0.4,0.3,0,0,2,[0|0|0|0],0,1,2,1,0.6,-0.6981317,1.3962634,-0.5235988,0.5235988,-3.1415927,3.1415927,0.5,3,0.9773844,0.9773844,2.9321532,3.6651914,2.1991148,2.687807,6.1086526,7.574729,1.0471976,0.06,0,0,0,[0|0|0|0|0|0|0|0],0.6,0.3,0,0,0.7,0.4,0.10471976,0.13962634,0.3,0.05,[0|0|0|0|0|0|0|0|0|0|0|0|0|0|0|0|0|0|0|0|0|0|0|0],0,0.2,0.3,2,5,1,[0|0|0|0|0|0|0|0],0.05,0.1,0.3,0,0,0,0,0,0,0,0.01,0.00017453292,0.01,0.01,0.01,0.3,0,0,0,[0|0|0|0],0,0,[0|0|0|0|0|0|0|0],0.5,[0|0|0|0|0|0|0|0|0|0|0|0]
5200017,,0,2.5,0,0.2,0.3,0.15,0.3,[0|0|0|0|0|0|0|0|0|0|0|0],1,1.3962634,[0|0|0|0|0|0|0|0|0|0|0|0|0|0|0|0],0.3,0.1,0.99,0.5,2,[0|0|0|0],1,1,0.4,0.4,0.4,0.1,0.1,0.8,0.17453292,0.34906584,0.8,0.8,0.4,0.3,0,0,2,[0|0|0|0],0,1,2,1,0.6,-0.6981317,1.3962634,-0.5235988,0.5235988,-3.1415927,3.1415927,0.5,3,0.9773844,0.9773844,2.9321532,3.6651914,2.1991148,2.687807,6.1086526,7.574729,1.0471976,0.06,0,0,0,[0|0|0|0|0|0|0|0],0.6,0.3,0,0,0.7,0.4,0.10471976,0.13962634,0.3,0.05,[0|0|0|0|0|0|0|0|0|0|0|0|0|0|0|0|0|0|0|0|0|0|0|0],0,0.2,0.3,2,5,1,[0|0|0|0|0|0|0|0],0.05,0.1,0.3,0,0,0,0,0,0,0,0.01,0.00017453292,0.01,0.01,0.01,0.3,1,0.2617994,0.7853982,[0|0|0|0],0.7853982,0.7853982,[0|0|0|0|0|0|0|0],0.5,[0|0|0|0|0|0|0|0|0|0|0|0]
5200018,,0,2.5,0,0.2,0.3,0.15,0.3,[0|0|0|0|0|0|0|0|0|0|0|0],1,1.3962634,[0|0|0|0|0|0|0|0|0|0|0|0|0|0|0|0],0.3,0.1,0.99,0.5,2,[0|0|0|0],1,1,0.4,0.4,0.4,0.1,0.1,0.6,0.17453292,0.34906584,0.4,0.4,0.4,0.3,0,0,2,[0|0|0|0],0,1,2,1,0.6,-0.6981317,1.3962634,-0.5235988,0.5235988,-3.1415927,3.1415927,0.5,3,0.9773844,0.9773844,2.9321532,3.6651914,2.1991148,2.687807,6.1086526,7.574729,1.0471976,0.06,0,0,0,[0|0|0|0|0|0|0|0],0.6,0.3,0,0,0.7,0.4,0.10471976,0.13962634,0.3,0.05,[0|0|0|0|0|0|0|0|0|0|0|0|0|0|0|0|0|0|0|0|0|0|0|0],0,0.2,0.3,2,5,1,[0|0|0|0|0|0|0|0],0.05,0.1,0.3,0,0,0,0,0,0,0,0.01,0.00017453292,0.01,0.01,0.01,0.3,1,0.2617994,0.7853982,[0|0|0|0],0.7853982,0.7853982,[0|0|0|0|0|0|0|0],0.5,[0|0|0|0|0|0|0|0|0|0|0|0]
5200110,,0,2,0,0.2,0.3,0.15,0.3,[0|0|0|0|0|0|0|0|0|0|0|0],1,1.3962634,[0|0|0|0|0|0|0|0|0|0|0|0|0|0|0|0],0.3,0.1,0.99,0.5,2,[0|0|0|0],1,1,0.4,0.8,0.4,0.1,0.1,0.8,0.17453292,0.34906584,0.4,0.4,0.4,0.3,0,0,2,[0|0|0|0],0,1,2,1,0.6,-0.6981317,1.3962634,-0.5235988,0.5235988,-3.1415927,3.1415927,0.5,3,0.9773844,0.9773844,2.9321532,3.6651914,2.1991148,2.687807,6.1086526,7.574729,1.0471976,0.06,0,0,0,[0|0|0|0|0|0|0|0],0.6,0.3,0,0,0.7,0.4,0.10471976,0.13962634,0.3,0.05,[0|0|0|0|0|0|0|0|0|0|0|0|0|0|0|0|0|0|0|0|0|0|0|0],0,0.2,0.3,2,5,1,[0|0|0|0|0|0|0|0],0.05,0.1,0.3,0,0,0,0,0,0,0,0.01,0.00017453292,0.01,0.01,0.01,0.3,0,0,0,[0|0|0|0],0,0,[0|0|0|0|0|0|0|0],0.5,[0|0|0|0|0|0|0|0|0|0|0|0]
5200120,,0,2,0,0.2,1,0.15,0.3,[0|0|0|0|0|0|0|0|0|0|0|0],1,1.3962634,[0|0|0|0|0|0|0|0|0|0|0|0|0|0|0|0],0.3,0.1,0.99,0.5,2,[0|0|0|0],1,1,0.4,0.8,0.4,0.1,0.1,0.8,0.17453292,0.34906584,0.4,0.4,0.4,0.3,0,0,2,[0|0|0|0],0,1,2,1,0.6,-0.6981317,1.3962634,-0.5235988,0.5235988,-3.1415927,3.1415927,0.5,3,0.9773844,0.9773844,2.9321532,3.6651914,2.1991148,2.687807,6.1086526,7.574729,1.0471976,0.06,0,0,0,[0|0|0|0|0|0|0|0],0.6,0.3,0,0,0.7,0.4,0.10471976,0.13962634,0.3,0.05,[0|0|0|0|0|0|0|0|0|0|0|0|0|0|0|0|0|0|0|0|0|0|0|0],0,0.2,0.3,2,5,1,[0|0|0|0|0|0|0|0],0.05,0.1,0.3,0,0,0,0,0,0,0,0.01,0.00017453292,0.01,0.01,0.01,0.3,0,0,0,[0|0|0|0],0,0,[0|0|0|0|0|0|0|0],0.5,[0|0|0|0|0|0|0|0|0|0|0|0]
5300000,,0,1.5,0,0.2,0.3,0.15,0.3,[0|0|0|0|0|0|0|0|0|0|0|0],1,1.3962634,[0|0|0|0|0|0|0|0|0|0|0|0|0|0|0|0],0.3,0.1,0.99,0.5,2,[0|0|0|0],1,1,0.4,0.4,0.4,0.1,0.1,0.4,0.17453292,0.34906584,0.4,0.4,0.4,0.3,0,0,2,[0|0|0|0],0,1,2,1,0.6,-0.6981317,1.3962634,-0.5235988,0.5235988,-3.1415927,3.1415927,0.5,3,0.9773844,0.9773844,2.9321532,3.6651914,2.1991148,2.687807,6.1086526,7.574729,1.0471976,0.06,0,0,0,[0|0|0|0|0|0|0|0],0.6,0.3,0,0,0.7,0.4,0.10471976,0.13962634,0.3,0.05,[0|0|0|0|0|0|0|0|0|0|0|0|0|0|0|0|0|0|0|0|0|0|0|0],0,0.2,0.3,2,5,1,[0|0|0|0|0|0|0|0],0.05,0.1,0.3,0,0,0,0,0,0,0,0.01,0.00017453292,0.01,0.01,0.01,0.3,0,0,0,[0|0|0|0],0,0,[0|0|0|0|0|0|0|0],0.5,[0|0|0|0|0|0|0|0|0|0|0|0]
5300001,,0,1,0,0.2,0.3,0.15,0.3,[0|0|0|0|0|0|0|0|0|0|0|0],1,1.3962634,[0|0|0|0|0|0|0|0|0|0|0|0|0|0|0|0],0.3,0.1,0.99,0.5,2,[0|0|0|0],1,1,0.4,0.4,0.4,0.1,0.1,0.4,0.17453292,0.34906584,0.4,0.4,0.4,0.3,0,0,2,[0|0|0|0],0,1,2,1,0.6,-0.6981317,1.3962634,-0.5235988,0.5235988,-3.1415927,3.1415927,0.5,3,0.9773844,0.9773844,2.9321532,3.6651914,2.1991148,2.687807,6.1086526,7.574729,1.0471976,0.06,0,0,0,[0|0|0|0|0|0|0|0],0.6,0.3,0,0,0.7,0.4,0.10471976,0.13962634,0.3,0.05,[0|0|0|0|0|0|0|0|0|0|0|0|0|0|0|0|0|0|0|0|0|0|0|0],0,0.2,0.3,2,5,1,[0|0|0|0|0|0|0|0],0.05,0.1,0.3,0,0,0,0,0,0,0,0.01,0.00017453292,0.01,0.01,0.01,0.3,0,0,0,[0|0|0|0],0,0,[0|0|0|0|0|0|0|0],0.5,[0|0|0|0|0|0|0|0|0|0|0|0]
5300007,,0,1,0,0.2,0.3,0.15,0.3,[0|0|0|0|0|0|0|0|0|0|0|0],1,1.3962634,[0|0|0|0|0|0|0|0|0|0|0|0|0|0|0|0],0.3,0.1,0.99,0.5,2,[0|0|0|0],1,1,0.4,0.4,0.4,0.1,0.1,0.4,0.17453292,0.34906584,0.4,0.4,0.4,0.3,0,0,2,[0|0|0|0],0,1,2,1,0.6,-0.6981317,1.3962634,-0.5235988,0.5235988,-3.1415927,3.1415927,0.5,3,0.9773844,0.9773844,2.9321532,3.6651914,2.1991148,2.687807,6.1086526,7.574729,1.0471976,0.06,0,0,0,[0|0|0|0|0|0|0|0],0.6,0.3,0,0,0.7,0.4,0.10471976,0.13962634,0.3,0.05,[0|0|0|0|0|0|0|0|0|0|0|0|0|0|0|0|0|0|0|0|0|0|0|0],0,0.2,0.3,2,5,1,[0|0|0|0|0|0|0|0],0.05,0.1,0.3,0,0,0,0,0,0,0,0.01,0.00017453292,0.01,0.01,0.01,0.3,0,0,0,[0|0|0|0],0,0,[0|0|0|0|0|0|0|0],0.5,[0|0|0|0|0|0|0|0|0|0|0|0]
5300100,,0,1.5,0,0.2,0.3,0.15,0.3,[0|0|0|0|0|0|0|0|0|0|0|0],1,1.3962634,[0|0|0|0|0|0|0|0|0|0|0|0|0|0|0|0],0.3,0.1,0.99,0.5,2,[0|0|0|0],1,1,0.4,0.4,0.4,0.1,0.1,0.4,0.17453292,0.34906584,0.4,0.4,0.4,0.3,0,0,2,[0|0|0|0],0,1,2,1,0.6,-0.6981317,1.3962634,-0.5235988,0.5235988,-3.1415927,3.1415927,0.5,3,0.9773844,0.9773844,2.9321532,3.6651914,2.1991148,2.687807,6.1086526,7.574729,1.0471976,0.06,0,0,0,[0|0|0|0|0|0|0|0],0.6,0.3,0,0,0.7,0.4,0.10471976,0.13962634,0.3,0.05,[0|0|0|0|0|0|0|0|0|0|0|0|0|0|0|0|0|0|0|0|0|0|0|0],0,0.2,0.3,2,5,1,[0|0|0|0|0|0|0|0],0.05,0.1,0.3,0,0,0,0,0,0,0,0.01,0.00017453292,0.01,0.01,0.01,0.3,0,0,0,[0|0|0|0],0,0,[0|0|0|0|0|0|0|0],0.5,[0|0|0|0|0|0|0|0|0|0|0|0]
5300101,,0,1,0,0.2,0.3,0.15,0.3,[0|0|0|0|0|0|0|0|0|0|0|0],1,1.3962634,[0|0|0|0|0|0|0|0|0|0|0|0|0|0|0|0],0.3,0.1,0.99,0.5,2,[0|0|0|0],1,1,0.4,0.4,0.4,0.1,0.1,0.4,0.17453292,0.34906584,0.4,0.4,0.4,0.3,0,0,2,[0|0|0|0],0,1,2,1,0.6,-0.6981317,1.3962634,-0.5235988,0.5235988,-3.1415927,3.1415927,0.5,3,0.9773844,0.9773844,2.9321532,3.6651914,2.1991148,2.687807,6.1086526,7.574729,1.0471976,0.06,0,0,0,[0|0|0|0|0|0|0|0],0.6,0.3,0,0,0.7,0.4,0.10471976,0.13962634,0.3,0.05,[0|0|0|0|0|0|0|0|0|0|0|0|0|0|0|0|0|0|0|0|0|0|0|0],0,0.2,0.3,2,5,1,[0|0|0|0|0|0|0|0],0.05,0.1,0.3,0,0,0,0,0,0,0,0.01,0.00017453292,0.01,0.01,0.01,0.3,0,0,0,[0|0|0|0],0,0,[0|0|0|0|0|0|0|0],0.5,[0|0|0|0|0|0|0|0|0|0|0|0]
5300107,,0,1,0,0.2,0.3,0.15,0.3,[0|0|0|0|0|0|0|0|0|0|0|0],1,1.3962634,[0|0|0|0|0|0|0|0|0|0|0|0|0|0|0|0],0.3,0.1,0.99,0.5,2,[0|0|0|0],1,1,0.4,0.4,0.4,0.1,0.1,0.4,0.17453292,0.34906584,0.4,0.4,0.4,0.3,0,0,2,[0|0|0|0],0,1,2,1,0.6,-0.6981317,1.3962634,-0.5235988,0.5235988,-3.1415927,3.1415927,0.5,3,0.9773844,0.9773844,2.9321532,3.6651914,2.1991148,2.687807,6.1086526,7.574729,1.0471976,0.06,0,0,0,[0|0|0|0|0|0|0|0],0.6,0.3,0,0,0.7,0.4,0.10471976,0.13962634,0.3,0.05,[0|0|0|0|0|0|0|0|0|0|0|0|0|0|0|0|0|0|0|0|0|0|0|0],0,0.2,0.3,2,5,1,[0|0|0|0|0|0|0|0],0.05,0.1,0.3,0,0,0,0,0,0,0,0.01,0.00017453292,0.01,0.01,0.01,0.3,0,0,0,[0|0|0|0],0,0,[0|0|0|0|0|0|0|0],0.5,[0|0|0|0|0|0|0|0|0|0|0|0]
7020000,,0,1.75,0,0.2,0.3,0.15,0.3,[0|0|0|0|0|0|0|0|0|0|0|0],1,1.3962634,[0|0|0|0|0|0|0|0|0|0|0|0|0|0|0|0],0.3,0.1,0.99,0.5,2,[0|0|0|0],1,1,0.4,0.4,0.4,0.1,0.1,0.4,0.17453292,0.34906584,0.4,0.4,0.4,0.3,0,0,2,[0|0|0|0],0,1,2,1,0.6,-0.6981317,1.3962634,-0.5235988,0.5235988,-3.1415927,3.1415927,0.5,3,0.9773844,0.9773844,2.9321532,3.6651914,2.1991148,2.687807,6.1086526,7.574729,1.0471976,0.06,0,0,0,[0|0|0|0|0|0|0|0],0.6,0.3,0,0,0.7,0.4,0.10471976,0.13962634,0.3,0.05,[0|0|0|0|0|0|0|0|0|0|0|0|0|0|0|0|0|0|0|0|0|0|0|0],0,0.2,0.3,2,5,1,[0|0|0|0|0|0|0|0],0.05,0.1,0.3,0,0,0,0,0,0,0,0.01,0.00017453292,0.01,0.01,0.01,0.3,0,0,0,[0|0|0|0],0,0,[0|0|0|0|0|0|0|0],0.5,[0|0|0|0|0|0|0|0|0|0|0|0]
7020001,,0,1.25,0,0.2,0.3,0.15,0.3,[0|0|0|0|0|0|0|0|0|0|0|0],1,1.3962634,[0|0|0|0|0|0|0|0|0|0|0|0|0|0|0|0],0.3,0.1,0.99,0.5,2,[0|0|0|0],1,1,0.4,0.4,0.4,0.1,0.1,0.4,0.17453292,0.34906584,0.4,0.4,0.4,0.3,0,0,2,[0|0|0|0],0,1,2,1,0.6,-0.6981317,1.3962634,-0.5235988,0.5235988,-3.1415927,3.1415927,0.5,3,0.9773844,0.9773844,2.9321532,3.6651914,2.1991148,2.687807,6.1086526,7.574729,1.0471976,0.06,0,0,0,[0|0|0|0|0|0|0|0],0.6,0.3,0,0,0.7,0.4,0.10471976,0.13962634,0.3,0.05,[0|0|0|0|0|0|0|0|0|0|0|0|0|0|0|0|0|0|0|0|0|0|0|0],0,0.2,0.3,2,5,1,[0|0|0|0|0|0|0|0],0.05,0.1,0.3,0,0,0,0,0,0,0,0.01,0.00017453292,0.01,0.01,0.01,0.3,0,0,0,[0|0|0|0],0,0,[0|0|0|0|0|0|0|0],0.5,[0|0|0|0|0|0|0|0|0|0|0|0]
7020007,,0,1.25,0,0.2,0.3,0.15,0.3,[0|0|0|0|0|0|0|0|0|0|0|0],1,1.3962634,[0|0|0|0|0|0|0|0|0|0|0|0|0|0|0|0],0.3,0.1,0.99,0.5,2,[0|0|0|0],1,1,0.4,0.4,0.4,0.1,0.1,0.4,0.17453292,0.34906584,0.4,0.4,0.4,0.3,0,0,2,[0|0|0|0],0,1,2,1,0.6,-0.6981317,1.3962634,-0.5235988,0.5235988,-3.1415927,3.1415927,0.5,3,0.9773844,0.9773844,2.9321532,3.6651914,2.1991148,2.687807,6.1086526,7.574729,1.0471976,0.06,0,0,0,[0|0|0|0|0|0|0|0],0.6,0.3,0,0,0.7,0.4,0.10471976,0.13962634,0.3,0.05,[0|0|0|0|0|0|0|0|0|0|0|0|0|0|0|0|0|0|0|0|0|0|0|0],0,0.2,0.3,2,5,1,[0|0|0|0|0|0|0|0],0.05,0.1,0.3,0,0,0,0,0,0,0,0.01,0.00017453292,0.01,0.01,0.01,0.3,0,0,0,[0|0|0|0],0,0,[0|0|0|0|0|0|0|0],0.5,[0|0|0|0|0|0|0|0|0|0|0|0]
10000000,,0,1.5,0,0.2,0.3,0.15,0.3,[0|0|0|0|0|0|0|0|0|0|0|0],1,1.3962634,[0|0|0|0|0|0|0|0|0|0|0|0|0|0|0|0],0.3,0.1,0.99,0.5,2,[0|0|0|0],1,1,0.4,0.4,0.4,0.1,0.1,0.4,0.17453292,0.34906584,0.4,0.4,0.4,0.3,0,0,2,[0|0|0|0],0,1,2,1,0.3,-0.6981317,1.3962634,-0.5235988,0.5235988,-3.1415927,3.1415927,0.5,3,1.0471976,1.0471976,2.6179938,3.1415927,2.0943952,2.6179938,6.2831855,7.330383,1.0471976,0.06,0.1,0,0,[0|0|0|0|0|0|0|0],0.6,0.3,0,0,0.7,0.4,0.10471976,0.13962634,0.3,0.05,[0|0|0|0|0|0|0|0|0|0|0|0|0|0|0|0|0|0|0|0|0|0|0|0],0,0.2,0.3,2,5,1,[0|0|0|0|0|0|0|0],0.05,0.1,0.3,0,0,0,0,0,0,0,0.01,0.00017453292,0.01,0.01,0.01,0.3,0,0,0,[0|0|0|0],0,0,[0|0|0|0|0|0|0|0],0.5,[0|0|0|0|0|0|0|0|0|0|0|0]
10000020,,0,1.5,0,0.2,0.3,0.15,0.3,[0|0|0|0|0|0|0|0|0|0|0|0],1,1.3962634,[0|0|0|0|0|0|0|0|0|0|0|0|0|0|0|0],0.3,0.1,0.99,0.5,2,[0|0|0|0],1,1,0.4,0,0.4,0.1,0.1,0.4,0.17453292,0.34906584,0.4,0.4,0.4,0.3,0,0,2,[0|0|0|0],0,1,2,1,0.3,-0.6981317,1.3962634,-0.5235988,0.5235988,-3.1415927,3.1415927,0.5,3,1.0471976,1.0471976,2.6179938,3.1415927,2.0943952,2.6179938,6.2831855,7.330383,1.0471976,0.06,0.1,0,0,[0|0|0|0|0|0|0|0],0.6,0.3,0,0,0.7,0.4,0.10471976,0.13962634,0.3,0.05,[0|0|0|0|0|0|0|0|0|0|0|0|0|0|0|0|0|0|0|0|0|0|0|0],0,0.2,0.3,2,5,1,[0|0|0|0|0|0|0|0],0.05,0.1,0.3,0,0,0,0,0,0,0,0.01,0.00017453292,0.01,0.01,0.01,0.3,0,0,0,[0|0|0|0],0,0,[0|0|0|0|0|0|0|0],0.5,[0|0|0|0|0|0|0|0|0|0|0|0]
10000022,,0,1.5,0,0.2,0.3,0.15,0.3,[0|0|0|0|0|0|0|0|0|0|0|0],1,1.3962634,[0|0|0|0|0|0|0|0|0|0|0|0|0|0|0|0],0.3,0.1,0.99,0.5,2,[0|0|0|0],1,1,0.4,0.4,0.4,0.1,0.1,0.4,0.17453292,0.34906584,0.4,0.4,0.4,0.3,0,0,2,[0|0|0|0],0,1,2,1,0.3,-0.6981317,1.3962634,-0.5235988,0.5235988,-3.1415927,3.1415927,0.5,3,1.0471976,1.0471976,2.6179938,3.1415927,2.0943952,2.6179938,6.2831855,7.330383,1.0471976,0.06,0.1,0,0,[0|0|0|0|0|0|0|0],0.6,0.3,0,0,0.7,0.4,0.10471976,0.13962634,0.3,0.05,[0|0|0|0|0|0|0|0|0|0|0|0|0|0|0|0|0|0|0|0|0|0|0|0],0,0.2,0.3,2,5,1,[0|0|0|0|0|0|0|0],0.05,0.1,0.3,0,0,0,0,0,0,0,0.01,0.00017453292,0.01,0.01,0.01,0.3,0,0,0,[0|0|0|0],0,0,[0|0|0|0|0|0|0|0],0.5,[0|0|0|0|0|0|0|0|0|0|0|0]
10000031,,0,1.5,0,0.3,0.3,0.15,0.3,[0|0|0|0|0|0|0|0|0|0|0|0],1,1.3962634,[0|0|0|0|0|0|0|0|0|0|0|0|0|0|0|0],0.3,0.1,0.99,0.5,2,[0|0|0|0],1,1,0.4,0.4,0.4,0.1,0.1,0.4,0.17453292,0.34906584,0.4,0.4,0.4,0.3,0,0,2,[0|0|0|0],0,1,2,1,0.3,-0.6981317,1.3962634,-0.5235988,0.5235988,-3.1415927,3.1415927,0.5,3,1.0471976,1.0471976,2.6179938,3.1415927,2.0943952,2.6179938,6.2831855,7.330383,1.0471976,0.06,0.1,0,0,[0|0|0|0|0|0|0|0],0.6,0.3,0,0,0.7,0.4,0.10471976,0.13962634,0.3,0.05,[0|0|0|0|0|0|0|0|0|0|0|0|0|0|0|0|0|0|0|0|0|0|0|0],0,0.2,0.3,2,5,1,[0|0|0|0|0|0|0|0],0.05,0.1,0.3,0,0,0,0,0,0,0,0.01,0.00017453292,0.01,0.01,0.01,0.3,0,0,0,[0|0|0|0],0,0,[0|0|0|0|0|0|0|0],0.5,[0|0|0|0|0|0|0|0|0|0|0|0]
10000100,,0,1,0,0.2,0.3,0.15,0.3,[0|0|0|0|0|0|0|0|0|0|0|0],1,1.3962634,[0|0|0|0|0|0|0|0|0|0|0|0|0|0|0|0],0.3,0.1,0.99,0.5,2,[0|0|0|0],1,1,0.4,0.4,0.4,0.1,0.1,0.4,0.17453292,0.34906584,0.4,0.4,0.4,0.3,0,0,2,[0|0|0|0],0,1,2,1,0.3,-0.6981317,1.3962634,-0.5235988,0.5235988,-3.1415927,3.1415927,0.5,3,1.0471976,1.0471976,2.6179938,3.1415927,2.0943952,2.6179938,6.2831855,7.330383,1.0471976,0.06,0.1,0,0,[0|0|0|0|0|0|0|0],0.6,0.3,0,0,0.7,0.4,0.10471976,0.13962634,0.3,0.05,[0|0|0|0|0|0|0|0|0|0|0|0|0|0|0|0|0|0|0|0|0|0|0|0],0,0.2,0.3,2,5,1,[0|0|0|0|0|0|0|0],0.05,0.1,0.3,0,0,0,0,0,0,0,0.01,0.00017453292,0.01,0.01,0.01,0.3,0,0,0,[0|0|0|0],0,0,[0|0|0|0|0|0|0|0],0.5,[0|0|0|0|0|0|0|0|0|0|0|0]
10000104,,0,1,0,0.2,0.3,0.15,0.3,[0|0|0|0|0|0|0|0|0|0|0|0],1,1.3962634,[0|0|0|0|0|0|0|0|0|0|0|0|0|0|0|0],0.3,0.1,0.99,0.5,2,[0|0|0|0],1,1,0.4,0.4,0.4,0.1,0.1,0.4,0.17453292,0.34906584,0.4,0.4,0.4,0.3,0,0,2,[0|0|0|0],0,1,2,1,0.3,-0.6981317,0.34906584,-0.5235988,0.34906584,-3.1415927,3.1415927,0.5,3,1.0471976,1.0471976,2.6179938,3.1415927,2.0943952,2.6179938,6.2831855,7.330383,1.0471976,0.06,0.1,0,0,[0|0|0|0|0|0|0|0],0.6,0.3,0,0,0.7,0.4,0.10471976,0.13962634,0.3,0.05,[0|0|0|0|0|0|0|0|0|0|0|0|0|0|0|0|0|0|0|0|0|0|0|0],0,0.2,0.3,2,5,1,[0|0|0|0|0|0|0|0],0.05,0.1,0.3,0,0,0,0,0,0,0,0.01,0.00017453292,0.01,0.01,0.01,0.3,0,0,0,[0|0|0|0],0,0,[0|0|0|0|0|0|0|0],0.5,[0|0|0|0|0|0|0|0|0|0|0|0]
10000120,,0,1,0,0.2,0.3,0.15,0.3,[0|0|0|0|0|0|0|0|0|0|0|0],1,1.3962634,[0|0|0|0|0|0|0|0|0|0|0|0|0|0|0|0],0.3,0.1,0.99,0.5,2,[0|0|0|0],1,1,0.4,0,0.4,0.1,0.1,0.4,0.17453292,0.34906584,0.4,0.4,0.4,0.3,0,0,2,[0|0|0|0],0,1,2,1,0.3,-0.6981317,1.3962634,-0.5235988,0.5235988,-3.1415927,3.1415927,0.5,3,1.0471976,1.0471976,2.6179938,3.1415927,2.0943952,2.6179938,6.2831855,7.330383,1.0471976,0.06,0.1,0,0,[0|0|0|0|0|0|0|0],0.6,0.3,0,0,0.7,0.4,0.10471976,0.13962634,0.3,0.05,[0|0|0|0|0|0|0|0|0|0|0|0|0|0|0|0|0|0|0|0|0|0|0|0],0,0.2,0.3,2,5,1,[0|0|0|0|0|0|0|0],0.05,0.1,0.3,0,0,0,0,0,0,0,0.01,0.00017453292,0.01,0.01,0.01,0.3,0,0,0,[0|0|0|0],0,0,[0|0|0|0|0|0|0|0],0.5,[0|0|0|0|0|0|0|0|0|0|0|0]
10000131,,0,1,0,0.3,0.3,0.15,0.3,[0|0|0|0|0|0|0|0|0|0|0|0],1,1.3962634,[0|0|0|0|0|0|0|0|0|0|0|0|0|0|0|0],0.3,0.1,0.99,0.5,2,[0|0|0|0],1,1,0.4,0.4,0.4,0.1,0.1,0.4,0.17453292,0.34906584,0.4,0.4,0.4,0.3,0,0,2,[0|0|0|0],0,1,2,1,0.3,-0.6981317,1.3962634,-0.5235988,0.5235988,-3.1415927,3.1415927,0.5,3,1.0471976,1.0471976,2.6179938,3.1415927,2.0943952,2.6179938,6.2831855,7.330383,1.0471976,0.06,0.1,0,0,[0|0|0|0|0|0|0|0],0.6,0.3,0,0,0.7,0.4,0.10471976,0.13962634,0.3,0.05,[0|0|0|0|0|0|0|0|0|0|0|0|0|0|0|0|0|0|0|0|0|0|0|0],0,0.2,0.3,2,5,1,[0|0|0|0|0|0|0|0],0.05,0.1,0.3,0,0,0,0,0,0,0,0.01,0.00017453292,0.01,0.01,0.01,0.3,0,0,0,[0|0|0|0],0,0,[0|0|0|0|0|0|0|0],0.5,[0|0|0|0|0|0|0|0|0|0|0|0]
10000200,,0,1.25,0,0.2,0.3,0.15,0.3,[0|0|0|0|0|0|0|0|0|0|0|0],1,0,[0|0|0|0|0|0|0|0|0|0|0|0|0|0|0|0],0.3,0.1,0.99,0.5,2,[0|0|0|0],1,1,0.4,0.8,0.4,0.1,0.1,0.4,0.17453292,0.34906584,0.4,0.4,0.4,0.3,0,0,2,[0|0|0|0],0,1,2,1,0.3,-0.6981317,1.3962634,-0.5235988,0.5235988,-1.5707964,1.5707964,0.5,3,1.0471976,1.0471976,2.6179938,3.1415927,2.0943952,2.6179938,6.2831855,7.330383,1.0471976,0.06,0.1,0,3.1415927,[0|0|0|0|0|0|0|0],0.6,0.3,0,0,0.7,0.4,0.10471976,0.13962634,0.3,0.05,[0|0|0|0|0|0|0|0|0|0|0|0|0|0|0|0|0|0|0|0|0|0|0|0],0,0.2,0.3,2,5,1,[0|0|0|0|0|0|0|0],0.05,0.1,0.3,0,0,0,0,0,0,0,0.01,0.00017453292,0.01,0.01,0.01,0.3,0,0,0,[0|0|0|0],0,0,[0|0|0|0|0|0|0|0],0.5,[0|0|0|0|0|0|0|0|0|0|0|0]
10000300,,1,1.25,0,0.2,0.3,0.15,0.3,[0|0|0|0|0|0|0|0|0|0|0|0],1,0,[0|0|0|0|0|0|0|0|0|0|0|0|0|0|0|0],0.3,0.1,0.99,0.5,2,[0|0|0|0],1,1,0.4,0.8,0.4,0.1,0.1,0.4,0.17453292,0.34906584,0.4,0.4,0.4,0.3,0,0,2,[0|0|0|0],0,1,2,1,0.3,-0.6981317,1.3962634,-0.5235988,0.5235988,-1.5707964,1.5707964,0.5,3,1.0471976,1.0471976,2.6179938,3.1415927,2.0943952,2.6179938,6.2831855,7.330383,1.0471976,0.06,0.1,0,3.1415927,[0|0|0|0|0|0|0|0],0.6,0.3,0,0,0.7,0.4,0.10471976,0.13962634,0.3,0.05,[0|0|0|0|0|0|0|0|0|0|0|0|0|0|0|0|0|0|0|0|0|0|0|0],0,0.2,0.3,2,5,1,[0|0|0|0|0|0|0|0],0.05,0.1,0.3,0,0,0,0,0,0,0,0.01,0.00017453292,0.01,0.01,0.01,0.3,0,0,0,[0|0|0|0],0,0,[0|0|0|0|0|0|0|0],0.5,[0|0|0|0|0|0|0|0|0|0|0|0]
10000400,,-1,1.25,0,0.2,0.3,0.15,0.3,[0|0|0|0|0|0|0|0|0|0|0|0],1,0,[0|0|0|0|0|0|0|0|0|0|0|0|0|0|0|0],0.3,0.1,0.99,0.5,2,[0|0|0|0],1,1,0.4,0.8,0.4,0.1,0.1,0.4,0.17453292,0.34906584,0.4,0.4,0.4,0.3,0,0,2,[0|0|0|0],0,1,2,1,0.3,-0.6981317,1.3962634,-0.5235988,0.5235988,-1.5707964,1.5707964,0.5,3,1.0471976,1.0471976,2.6179938,3.1415927,2.0943952,2.6179938,6.2831855,7.330383,1.0471976,0.06,0.1,0,3.1415927,[0|0|0|0|0|0|0|0],0.6,0.3,0,0,0.7,0.4,0.10471976,0.13962634,0.3,0.05,[0|0|0|0|0|0|0|0|0|0|0|0|0|0|0|0|0|0|0|0|0|0|0|0],0,0.2,0.3,2,5,1,[0|0|0|0|0|0|0|0],0.05,0.1,0.3,0,0,0,0,0,0,0,0.01,0.00017453292,0.01,0.01,0.01,0.3,0,0,0,[0|0|0|0],0,0,[0|0|0|0|0|0|0|0],0.5,[0|0|0|0|0|0|0|0|0|0|0|0]
10000500,,0,2,0,0.2,0.3,0.15,0.3,[0|0|0|0|0|0|0|0|0|0|0|0],1,0,[0|0|0|0|0|0|0|0|0|0|0|0|0|0|0|0],0.3,0.1,0.99,0.5,2,[0|0|0|0],1,1,0.4,0.8,0.4,0.1,0.1,0.4,0.17453292,0.34906584,0.4,0.4,0.4,0.3,0,0,2,[0|0|0|0],0,1,2,1,0.3,-0.6981317,1.3962634,-0.5235988,0.5235988,-3.1415927,3.1415927,0.5,3,1.0471976,1.0471976,2.6179938,3.1415927,2.0943952,2.6179938,6.2831855,7.330383,1.0471976,0.06,0.1,3.1415927,0,[0|0|0|0|0|0|0|0],0.6,0.3,0,0,0.7,0.4,0.10471976,0.13962634,0.3,0.05,[0|0|0|0|0|0|0|0|0|0|0|0|0|0|0|0|0|0|0|0|0|0|0|0],0,0.2,0.3,2,5,1,[0|0|0|0|0|0|0|0],0.05,0.1,0.3,0,0,0,0,0,0,0,0.01,0.00017453292,0.01,0.01,0.01,0.3,0,0,0,[0|0|0|0],0,0,[0|0|0|0|0|0|0|0],0.5,[0|0|0|0|0|0|0|0|0|0|0|0]
10000521,,0,4,0,0.2,0.3,0.15,0.3,[0|0|0|0|0|0|0|0|0|0|0|0],1,0,[0|0|0|0|0|0|0|0|0|0|0|0|0|0|0|0],0.3,0.1,0.99,0.5,2,[0|0|0|0],1,1,0.4,0.8,0.4,0.1,0.1,0.4,0.17453292,0.34906584,0.4,0.4,0.4,0.3,0,0,2,[0|0|0|0],0,1,2,1,0.3,-0.6981317,1.3962634,-0.5235988,0.5235988,-3.1415927,3.1415927,0.5,3,1.0471976,1.0471976,2.6179938,3.1415927,2.0943952,2.6179938,6.2831855,7.330383,1.0471976,0.06,0.1,3.1415927,0,[0|0|0|0|0|0|0|0],0.6,0.3,0,0,0.7,0.4,0.10471976,0.13962634,0.3,0.05,[0|0|0|0|0|0|0|0|0|0|0|0|0|0|0|0|0|0|0|0|0|0|0|0],0,0.2,0.3,2,5,1,[0|0|0|0|0|0|0|0],0.05,0.1,0.3,0,0,0,0,0,0,0,0.01,0.00017453292,0.01,0.01,0.01,0.3,0,0,0,[0|0|0|0],0,0,[0|0|0|0|0|0|0|0],0.5,[0|0|0|0|0|0|0|0|0|0|0|0]
10000700,,0,1,0,0.2,0.3,0.15,0.3,[0|0|0|0|0|0|0|0|0|0|0|0],1,1.3962634,[0|0|0|0|0|0|0|0|0|0|0|0|0|0|0|0],0.3,0.1,0.99,0.5,2,[0|0|0|0],1,1,0.4,0.4,0.4,0.1,0.1,0.4,0.17453292,0.34906584,0.4,0.4,0.4,0.3,0,0,2,[0|0|0|0],0,1,2,1,0.3,-0.6981317,1.3962634,-0.5235988,0.5235988,-3.1415927,3.1415927,0.5,3,1.0471976,1.0471976,2.6179938,3.1415927,2.0943952,2.6179938,6.2831855,7.330383,1.0471976,0.06,0.1,0,0,[0|0|0|0|0|0|0|0],0.6,0.3,0,0,0.7,0.4,0.10471976,0.13962634,0.3,0.05,[0|0|0|0|0|0|0|0|0|0|0|0|0|0|0|0|0|0|0|0|0|0|0|0],0,0.2,0.3,2,5,1,[0|0|0|0|0|0|0|0],0.05,0.1,0.3,0,0,0,0,0,0,0,0.01,0.00017453292,0.01,0.01,0.01,0.3,0,0,0,[0|0|0|0],0,0,[0|0|0|0|0|0|0|0],0.5,[0|0|0|0|0|0|0|0|0|0|0|0]
10000800,,0,1.5,0,0.2,0.3,0.15,0.3,[0|0|0|0|0|0|0|0|0|0|0|0],1,1.3962634,[0|0|0|0|0|0|0|0|0|0|0|0|0|0|0|0],0.3,0.1,0.99,0.5,2,[0|0|0|0],1,1,0.4,0.4,0.4,0.1,0.1,0.4,0.17453292,0.34906584,0.4,0.4,0.4,0.3,0,0,2,[0|0|0|0],0,1,2,1,0.3,-0.6981317,1.3962634,-0.5235988,0.5235988,-3.1415927,3.1415927,0.5,3,1.0471976,1.0471976,2.6179938,3.1415927,2.0943952,2.6179938,6.2831855,7.330383,1.0471976,0.06,0.1,0,0,[0|0|0|0|0|0|0|0],0.6,0.3,0,0,0.7,0.4,0.10471976,0.13962634,0.3,0.05,[0|0|0|0|0|0|0|0|0|0|0|0|0|0|0|0|0|0|0|0|0|0|0|0],0,0.2,0.3,2,5,1,[0|0|0|0|0|0|0|0],0.05,0.1,0.3,0,0,0,0,0,0,0,0.01,0.00017453292,0.01,0.01,0.01,0.3,0,0,0,[0|0|0|0],0,0,[0|0|0|0|0|0|0|0],0.5,[0|0|0|0|0|0|0|0|0|0|0|0]
10000900,,0,1.5,0,0.2,0.3,0.15,0.3,[0|0|0|0|0|0|0|0|0|0|0|0],1,1.3962634,[0|0|0|0|0|0|0|0|0|0|0|0|0|0|0|0],0.3,0.1,0.99,0.5,2,[0|0|0|0],1,1,0.4,0.4,0.4,0.1,0.1,0.4,0.17453292,0.34906584,0.4,0.4,0.4,0.3,0,0,2,[0|0|0|0],0,1,2,1,0.3,-0.6981317,1.3962634,-0.5235988,0.5235988,-3.1415927,3.1415927,0.5,3,1.0471976,1.0471976,2.6179938,3.1415927,2.0943952,2.6179938,6.2831855,7.330383,1.0471976,0.06,0.1,0,0,[0|0|0|0|0|0|0|0],0.6,0.3,0,0,0.7,0.4,0.10471976,0.13962634,0.3,0.05,[0|0|0|0|0|0|0|0|0|0|0|0|0|0|0|0|0|0|0|0|0|0|0|0],0,0.2,0.3,2,5,1,[0|0|0|0|0|0|0|0],0.05,0.1,0.3,0,0,0,0,0,0,0,0.01,0.00017453292,0.01,0.01,0.01,0.3,0,0,0,[0|0|0|0],0,0,[0|0|0|0|0|0|0|0],0.5,[0|0|0|0|0|0|0|0|0|0|0|0]
10000903,,0,1.5,0,0.2,0.3,0.15,0.3,[0|0|0|0|0|0|0|0|0|0|0|0],0,1.3962634,[0|0|0|0|0|0|0|0|0|0|0|0|0|0|0|0],0.3,0.1,0.99,0.5,2,[0|0|0|0],1,1,0.4,0.4,0.4,0.1,0.1,0.4,0.17453292,0.34906584,0.4,0.4,0.4,0.3,0,0,2,[0|0|0|0],0,1,2,1,0.3,-0.6981317,1.3962634,-0.5235988,0.5235988,-3.1415927,3.1415927,0.5,3,1.0471976,1.0471976,2.6179938,3.1415927,2.0943952,2.6179938,6.2831855,7.330383,1.0471976,0.06,0.1,0,0,[0|0|0|0|0|0|0|0],0.6,0.3,0,0,0.7,0.4,0.10471976,0.13962634,0.3,0.05,[0|0|0|0|0|0|0|0|0|0|0|0|0|0|0|0|0|0|0|0|0|0|0|0],0,0.2,0.3,2,5,1,[0|0|0|0|0|0|0|0],0.05,0.1,0.3,0,0,0,0,0,0,0,0.01,0.00017453292,0.01,0.01,0.01,0.3,0,0,0,[0|0|0|0],0,0,[0|0|0|0|0|0|0|0],0.5,[0|0|0|0|0|0|0|0|0|0|0|0]
10001000,,0,1.5,0,0.2,0.3,0.15,0.3,[0|0|0|0|0|0|0|0|0|0|0|0],1,1.3962634,[0|0|0|0|0|0|0|0|0|0|0|0|0|0|0|0],0.3,0.1,0.99,0.5,2,[0|0|0|0],1,1,0.4,0.8,0.4,0.1,0.1,0.8,0.17453292,0.34906584,0.4,0.4,0.4,0.3,0,0,2,[0|0|0|0],0,1,2,1,0.3,-0.6981317,1.3962634,-0.5235988,0.5235988,-3.1415927,3.1415927,0.5,3,1.0471976,1.0471976,2.6179938,3.1415927,2.0943952,2.6179938,6.2831855,7.330383,1.0471976,0.06,0.1,0,0,[0|0|0|0|0|0|0|0],0.6,0.3,0,0,0.7,0.4,0.10471976,0.13962634,0.3,0.05,[0|0|0|0|0|0|0|0|0|0|0|0|0|0|0|0|0|0|0|0|0|0|0|0],0,0.2,0.3,2,5,1,[0|0|0|0|0|0|0|0],0.05,0.1,0.3,0,0,0,0,0,0,0,0.01,0.00017453292,0.01,0.01,0.01,0.3,0,0,0,[0|0|0|0],0,0,[0|0|0|0|0|0|0|0],0.5,[0|0|0|0|0|0|0|0|0|0|0|0]
10001600,,0,1.5,0,0.2,0.3,0.15,0.3,[0|0|0|0|0|0|0|0|0|0|0|0],1,1.3962634,[0|0|0|0|0|0|0|0|0|0|0|0|0|0|0|0],0.3,0.1,0.99,0.5,2,[0|0|0|0],1,1,0.4,0.8,0.4,0.1,0.1,0.8,0.17453292,0.34906584,0.2,0.2,0.4,0.3,0,0,2,[0|0|0|0],0,1,2,1,0.3,-0.6981317,1.3962634,-0.5235988,0.5235988,-3.1415927,3.1415927,0.5,3,1.0471976,1.0471976,2.6179938,3.1415927,2.0943952,2.6179938,6.2831855,7.330383,1.0471976,0.06,0.1,0,0,[0|0|0|0|0|0|0|0],0.6,0.3,0,0,0.7,0.4,0.10471976,0.13962634,0.3,0.05,[0|0|0|0|0|0|0|0|0|0|0|0|0|0|0|0|0|0|0|0|0|0|0|0],0,0.2,0.3,10,5,1,[0|0|0|0|0|0|0|0],0.05,0.1,0.3,0,0,0,0,0,0,0,0.01,0.00017453292,0.01,0.01,0.01,0.3,0,0,0,[0|0|0|0],0,0,[0|0|0|0|0|0|0|0],0.5,[0|0|0|0|0|0|0|0|0|0|0|0]
10001700,,0,1.5,0,0.2,0.3,0.15,0.3,[0|0|0|0|0|0|0|0|0|0|0|0],1,1.3962634,[0|0|0|0|0|0|0|0|0|0|0|0|0|0|0|0],0.3,0.1,0.99,0.5,2,[0|0|0|0],1,1,0.4,0.4,0.4,0.1,0.1,0.8,0.17453292,0.34906584,0.8,0.8,0.4,0.3,0,0,2,[0|0|0|0],0,1,2,1,0.3,-0.6981317,1.3962634,-0.5235988,0.5235988,-3.1415927,3.1415927,0.5,3,1.0471976,1.0471976,2.6179938,3.1415927,2.0943952,2.6179938,6.2831855,7.330383,1.0471976,0.06,0.1,0,0,[0|0|0|0|0|0|0|0],0.6,0.3,0,0,0.7,0.4,0.10471976,0.13962634,0.3,0.05,[0|0|0|0|0|0|0|0|0|0|0|0|0|0|0|0|0|0|0|0|0|0|0|0],0,0.2,0.3,10,5,1,[0|0|0|0|0|0|0|0],0.05,0.1,0.3,0,0,0,0,0,0,0,0.01,0.00017453292,0.01,0.01,0.01,0.3,1,0.2617994,0.7853982,[0|0|0|0],0.7853982,0.7853982,[0|0|0|0|0|0|0|0],0.5,[0|0|0|0|0|0|0|0|0|0|0|0]
10001703,,0,1.5,0,0.2,0.3,0.15,0.3,[0|0|0|0|0|0|0|0|0|0|0|0],0,1.3962634,[0|0|0|0|0|0|0|0|0|0|0|0|0|0|0|0],0.3,0.1,0.99,0.5,2,[0|0|0|0],1,1,0.4,0.4,0.4,0.1,0.1,0.8,0.17453292,0.34906584,0.8,0.8,0.4,0.3,0,0,2,[0|0|0|0],0,1,2,1,0.3,-0.6981317,1.3962634,-0.5235988,0.5235988,-3.1415927,3.1415927,0.5,3,1.0471976,1.0471976,2.6179938,3.1415927,2.0943952,2.6179938,6.2831855,7.330383,1.0471976,0.06,0.1,0,0,[0|0|0|0|0|0|0|0],0.6,0.3,0,0,0.7,0.4,0.10471976,0.13962634,0.3,0.05,[0|0|0|0|0|0|0|0|0|0|0|0|0|0|0|0|0|0|0|0|0|0|0|0],0,0.2,0.3,10,5,1,[0|0|0|0|0|0|0|0],0.05,0.1,0.3,0,0,0,0,0,0,0,0.01,0.00017453292,0.01,0.01,0.01,0.3,0,0,0,[0|0|0|0],0,0,[0|0|0|0|0|0|0|0],0.5,[0|0|0|0|0|0|0|0|0|0|0|0]
10001800,,0,1.5,0,0.2,0.3,0.15,0.3,[0|0|0|0|0|0|0|0|0|0|0|0],1,1.3962634,[0|0|0|0|0|0|0|0|0|0|0|0|0|0|0|0],0.3,0.1,0.99,0.5,2,[0|0|0|0],1,1,0.4,0.4,0.4,0.1,0.1,0.6,0.17453292,0.34906584,0.4,0.4,0.4,0.3,0,0,2,[0|0|0|0],0,1,2,1,0.3,-0.6981317,1.3962634,-0.5235988,0.5235988,-3.1415927,3.1415927,0.5,3,1.0471976,1.0471976,2.6179938,3.1415927,2.0943952,2.6179938,6.2831855,7.330383,1.0471976,0.06,0.1,0,0,[0|0|0|0|0|0|0|0],0.6,0.3,0,0,0.7,0.4,0.10471976,0.13962634,0.3,0.05,[0|0|0|0|0|0|0|0|0|0|0|0|0|0|0|0|0|0|0|0|0|0|0|0],0,0.2,0.3,10,5,1,[0|0|0|0|0|0|0|0],0.05,0.1,0.3,0,0,0,0,0,0,0,0.01,0.00017453292,0.01,0.01,0.01,0.3,1,0.2617994,0.7853982,[0|0|0|0],0.7853982,0.7853982,[0|0|0|0|0|0|0|0],0.5,[0|0|0|0|0|0|0|0|0|0|0|0]
10001803,,0,1.5,0,0.2,0.3,0.15,0.3,[0|0|0|0|0|0|0|0|0|0|0|0],0,1.3962634,[0|0|0|0|0|0|0|0|0|0|0|0|0|0|0|0],0.3,0.1,0.99,0.5,2,[0|0|0|0],1,1,0.4,0.4,0.4,0.1,0.1,0.6,0.17453292,0.34906584,0.4,0.4,0.4,0.3,0,0,2,[0|0|0|0],0,1,2,1,0.3,-0.6981317,1.3962634,-0.5235988,0.5235988,-3.1415927,3.1415927,0.5,3,1.0471976,1.0471976,2.6179938,3.1415927,2.0943952,2.6179938,6.2831855,7.330383,1.0471976,0.06,0.1,0,0,[0|0|0|0|0|0|0|0],0.6,0.3,0,0,0.7,0.4,0.10471976,0.13962634,0.3,0.05,[0|0|0|0|0|0|0|0|0|0|0|0|0|0|0|0|0|0|0|0|0|0|0|0],0,0.2,0.3,10,5,1,[0|0|0|0|0|0|0|0],0.05,0.1,0.3,0,0,0,0,0,0,0,0.01,0.00017453292,0.01,0.01,0.01,0.3,0,0,0,[0|0|0|0],0,0,[0|0|0|0|0|0|0|0],0.5,[0|0|0|0|0|0|0|0|0|0|0|0]
10002000,,0,2,0,0.5,0.3,0.15,0.3,[0|0|0|0|0|0|0|0|0|0|0|0],1,1.3962634,[0|0|0|0|0|0|0|0|0|0|0|0|0|0|0|0],0.3,0.1,0.99,0.5,2,[0|0|0|0],1,1,0.4,0.4,0.4,0.1,0.1,0.4,0.17453292,0.34906584,0.4,0.4,0.8,0.6,0,0,2,[0|0|0|0],0,1,2,1,0.3,-0.6981317,1.3962634,-0.5235988,0.5235988,-3.1415927,3.1415927,0.5,3,1.0471976,1.0471976,2.6179938,3.1415927,2.0943952,2.6179938,6.2831855,7.330383,1.0471976,0.06,0.1,0,0,[0|0|0|0|0|0|0|0],0.6,0.3,0,0,0.7,0.4,0.10471976,0.13962634,0.3,0.05,[0|0|0|0|0|0|0|0|0|0|0|0|0|0|0|0|0|0|0|0|0|0|0|0],0,0.2,0.3,2,5,1,[0|0|0|0|0|0|0|0],0.05,0.1,0.3,0,0,0,0,0,0,0,0.01,0.00017453292,0.01,0.01,0.01,0.3,0,0,0,[0|0|0|0],0,0,[0|0|0|0|0|0|0|0],0.5,[0|0|0|0|0|0|0|0|0|0|0|0]
10002100,,0,2,0,0.1,0.3,0.15,0.3,[0|0|0|0|0|0|0|0|0|0|0|0],1,1.3962634,[0|0|0|0|0|0|0|0|0|0|0|0|0|0|0|0],0.3,0.1,0.99,0.5,2,[0|0|0|0],1,1,0.4,0.4,0.4,0.1,0.1,0.4,0.17453292,0.34906584,0.4,0.4,0.8,0.6,0,0,2,[0|0|0|0],0,1,2,1,0.3,-0.6981317,1.3962634,-0.5235988,0.5235988,-3.1415927,3.1415927,0.5,3,1.0471976,1.0471976,2.6179938,3.1415927,2.0943952,2.6179938,6.2831855,7.330383,1.0471976,0.06,0.1,0,0,[0|0|0|0|0|0|0|0],0.6,0.3,0,0,0.7,0.4,0.10471976,0.13962634,0.3,0.05,[0|0|0|0|0|0|0|0|0|0|0|0|0|0|0|0|0|0|0|0|0|0|0|0],0,0.2,0.3,2,5,1,[0|0|0|0|0|0|0|0],0.05,0.1,0.3,0,0,0,0,0,0,0,0.01,0.00017453292,0.01,0.01,0.01,0.3,0,0,0,[0|0|0|0],0,0,[0|0|0|0|0|0|0|0],0.5,[0|0|0|0|0|0|0|0|0|0|0|0]
10002600,,0,2,0,0.2,0.3,0.15,0.3,[0|0|0|0|0|0|0|0|0|0|0|0],1,1.3962634,[0|0|0|0|0|0|0|0|0|0|0|0|0|0|0|0],0.3,0.1,0.99,0.5,2,[0|0|0|0],1,1,0.4,0.4,0.4,0.1,0.1,0.4,0.17453292,0.34906584,0.4,0.4,0.4,0.3,0,0,2,[0|0|0|0],0,1,2,1,0.3,-0.6981317,1.3962634,-0.5235988,0.5235988,-3.1415927,3.1415927,0.5,3,1.0471976,1.0471976,2.6179938,3.1415927,2.0943952,2.6179938,6.2831855,7.330383,1.0471976,0.06,0.1,0,0,[0|0|0|0|0|0|0|0],0.6,0.3,0,0,0.7,0.4,0.10471976,0.13962634,0.3,0.05,[0|0|0|0|0|0|0|0|0|0|0|0|0|0|0|0|0|0|0|0|0|0|0|0],0,0.2,0.3,10,5,1,[0|0|0|0|0|0|0|0],0.05,0.1,0.3,0,0,0,0,0,0,0,0.01,0.00017453292,0.01,0.01,0.01,0.3,0,0,0,[0|0|0|0],0,0,[0|0|0|0|0|0|0|0],0.5,[0|0|0|0|0|0|0|0|0|0|0|0]
10003000,,0,1.5,0,0.5,0.3,0.15,0.3,[0|0|0|0|0|0|0|0|0|0|0|0],1,1.3962634,[0|0|0|0|0|0|0|0|0|0|0|0|0|0|0|0],0.3,0.1,0.99,0.5,2,[0|0|0|0],1,1,0.4,0.4,0.4,0.1,0.1,0.4,0.17453292,0.34906584,0.4,0.4,0.8,0.6,0,0,2,[0|0|0|0],0,1,2,1,0.3,-1.3962634,1.3962634,-0.5235988,0.5235988,-3.1415927,3.1415927,0.5,3,1.0471976,1.0471976,2.6179938,3.1415927,2.0943952,2.6179938,6.2831855,7.330383,1.0471976,0.06,0.1,0,0,[0|0|0|0|0|0|0|0],0.6,0.3,0,0,0.7,0.4,0.10471976,0.13962634,0.3,0.05,[0|0|0|0|0|0|0|0|0|0|0|0|0|0|0|0|0|0|0|0|0|0|0|0],0,0.2,0.3,2,5,1,[0|0|0|0|0|0|0|0],0.05,0.1,0.3,0,0,0,0,0,0,0,0.01,0.00017453292,0.01,0.01,0.01,0.3,0,0,0,[0|0|0|0],0,0,[0|0|0|0|0|0|0|0],0.5,[0|0|0|0|0|0|0|0|0|0|0|0]
10003100,,0,1.5,0,0.1,0.3,0.15,0.3,[0|0|0|0|0|0|0|0|0|0|0|0],1,1.3962634,[0|0|0|0|0|0|0|0|0|0|0|0|0|0|0|0],0.3,0.1,0.99,0.5,2,[0|0|0|0],1,1,0.4,0.4,0.4,0.1,0.1,0.4,0.17453292,0.34906584,0.4,0.4,0.8,0.6,0,0,2,[0|0|0|0],0,1,2,1,0.3,-1.3962634,1.3962634,-0.5235988,0.5235988,-3.1415927,3.1415927,0.5,3,1.0471976,1.0471976,2.6179938,3.1415927,2.0943952,2.6179938,6.2831855,7.330383,1.0471976,0.06,0.1,0,0,[0|0|0|0|0|0|0|0],0.6,0.3,0,0,0.7,0.4,0.10471976,0.13962634,0.3,0.05,[0|0|0|0|0|0|0|0|0|0|0|0|0|0|0|0|0|0|0|0|0|0|0|0],0,0.2,0.3,2,5,1,[0|0|0|0|0|0|0|0],0.05,0.1,0.3,0,0,0,0,0,0,0,0.01,0.00017453292,0.01,0.01,0.01,0.3,0,0,0,[0|0|0|0],0,0,[0|0|0|0|0|0|0|0],0.5,[0|0|0|0|0|0|0|0|0|0|0|0]
10003200,,0,1.5,0,0.5,0.3,0.15,0.3,[0|0|0|0|0|0|0|0|0|0|0|0],1,1.3962634,[0|0|0|0|0|0|0|0|0|0|0|0|0|0|0|0],0.3,0.1,0.99,0.5,2,[0|0|0|0],1,1,0.4,0.4,0.4,0.1,0.1,0.4,0.17453292,0.34906584,0.4,0.4,0.8,0.6,0,0,2,[0|0|0|0],0,1,2,1,0.3,-1.3962634,1.3962634,-0.5235988,0.5235988,-3.1415927,3.1415927,0.5,3,1.0471976,1.0471976,2.6179938,3.1415927,2.0943952,2.6179938,6.2831855,7.330383,1.0471976,0.06,0.1,0,0,[0|0|0|0|0|0|0|0],0.6,0.3,0,0,0.7,0.4,0.10471976,0.13962634,0.3,0.05,[0|0|0|0|0|0|0|0|0|0|0|0|0|0|0|0|0|0|0|0|0|0|0|0],0,0.2,0.3,2,5,1,[0|0|0|0|0|0|0|0],0.05,0.1,0.3,0,0,0,0,0,0,0,0.01,0.00017453292,0.01,0.01,0.01,0.3,0,0,0,[0|0|0|0],0,0,[0|0|0|0|0|0|0|0],0.5,[0|0|0|0|0|0|0|0|0|0|0|0]
10003300,,0,1.5,0,0.1,0.3,0.15,0.3,[0|0|0|0|0|0|0|0|0|0|0|0],1,1.3962634,[0|0|0|0|0|0|0|0|0|0|0|0|0|0|0|0],0.3,0.1,0.99,0.5,2,[0|0|0|0],1,1,0.4,0.4,0.4,0.1,0.1,0.4,0.17453292,0.34906584,0.4,0.4,0.8,0.6,0,0,2,[0|0|0|0],0,1,2,1,0.3,-1.3962634,1.3962634,-0.5235988,0.5235988,-3.1415927,3.1415927,0.5,3,1.0471976,1.0471976,2.6179938,3.1415927,2.0943952,2.6179938,6.2831855,7.330383,1.0471976,0.06,0.1,0,0,[0|0|0|0|0|0|0|0],0.6,0.3,0,0,0.7,0.4,0.10471976,0.13962634,0.3,0.05,[0|0|0|0|0|0|0|0|0|0|0|0|0|0|0|0|0|0|0|0|0|0|0|0],0,0.2,0.3,2,5,1,[0|0|0|0|0|0|0|0],0.05,0.1,0.3,0,0,0,0,0,0,0,0.01,0.00017453292,0.01,0.01,0.01,0.3,0,0,0,[0|0|0|0],0,0,[0|0|0|0|0|0|0|0],0.5,[0|0|0|0|0|0|0|0|0|0|0|0]
10003400,,0,1.5,0,0.5,0.3,0.15,0.3,[0|0|0|0|0|0|0|0|0|0|0|0],1,1.3962634,[0|0|0|0|0|0|0|0|0|0|0|0|0|0|0|0],0.3,0.1,0.99,0.5,2,[0|0|0|0],1,1,0.4,0.4,0.4,0.1,0.1,0.4,0.17453292,0.34906584,0.4,0.4,0.8,0.6,0,0,2,[0|0|0|0],0,1,2,1,0.3,-1.3962634,1.3962634,-0.5235988,0.5235988,-3.1415927,3.1415927,0.5,3,1.0471976,1.0471976,2.6179938,3.1415927,2.0943952,2.6179938,6.2831855,7.330383,1.0471976,0.06,0.1,0,0,[0|0|0|0|0|0|0|0],0.6,0.3,0,0,0.7,0.4,0.10471976,0.13962634,0.3,0.05,[0|0|0|0|0|0|0|0|0|0|0|0|0|0|0|0|0|0|0|0|0|0|0|0],0,0.2,0.3,2,5,1,[0|0|0|0|0|0|0|0],0.05,0.1,0.3,0,0,0,0,0,0,0,0.01,0.00017453292,0.01,0.01,0.01,0.3,0,0,0,[0|0|0|0],0,0,[0|0|0|0|0|0|0|0],0.5,[0|0|0|0|0|0|0|0|0|0|0|0]
10003500,,0,1.5,0,0.1,0.3,0.15,0.3,[0|0|0|0|0|0|0|0|0|0|0|0],1,1.3962634,[0|0|0|0|0|0|0|0|0|0|0|0|0|0|0|0],0.3,0.1,0.99,0.5,2,[0|0|0|0],1,1,0.4,0.4,0.4,0.1,0.1,0.4,0.17453292,0.34906584,0.4,0.4,0.8,0.6,0,0,2,[0|0|0|0],0,1,2,1,0.3,-1.3962634,1.3962634,-0.5235988,0.5235988,-3.1415927,3.1415927,0.5,3,1.0471976,1.0471976,2.6179938,3.1415927,2.0943952,2.6179938,6.2831855,7.330383,1.0471976,0.06,0.1,0,0,[0|0|0|0|0|0|0|0],0.6,0.3,0,0,0.7,0.4,0.10471976,0.13962634,0.3,0.05,[0|0|0|0|0|0|0|0|0|0|0|0|0|0|0|0|0|0|0|0|0|0|0|0],0,0.2,0.3,2,5,1,[0|0|0|0|0|0|0|0],0.05,0.1,0.3,0,0,0,0,0,0,0,0.01,0.00017453292,0.01,0.01,0.01,0.3,0,0,0,[0|0|0|0],0,0,[0|0|0|0|0|0|0|0],0.5,[0|0|0|0|0|0|0|0|0|0|0|0]
10004000,,0,1.5,0,0.2,0.3,0.15,0.3,[0|0|0|0|0|0|0|0|0|0|0|0],1,1.3962634,[0|0|0|0|0|0|0|0|0|0|0|0|0|0|0|0],0.3,0.1,0.99,0.5,2,[0|0|0|0],1,1,0.4,0.4,0.4,0.1,0.1,0.4,0.17453292,0.34906584,0.4,0.4,0.2,0.15,0,0,2,[0|0|0|0],0,1,2,1,0.3,-0.6981317,1.3962634,-0.5235988,0.5235988,-3.1415927,3.1415927,0.5,3,1.0471976,1.0471976,2.6179938,3.1415927,2.0943952,2.6179938,6.2831855,7.330383,1.0471976,0.06,0.1,0,0,[0|0|0|0|0|0|0|0],0.4,0.2,0,0,0.7,0.4,0.10471976,0.13962634,0.3,0.05,[0|0|0|0|0|0|0|0|0|0|0|0|0|0|0|0|0|0|0|0|0|0|0|0],0,0.2,0.3,2,5,1,[0|0|0|0|0|0|0|0],0.05,0.1,0.3,0,0,0,0,0,0,0,0.01,0.00017453292,0.01,0.01,0.01,0.3,0,0,0,[0|0|0|0],0,0,[0|0|0|0|0|0|0|0],0.5,[0|0|0|0|0|0|0|0|0|0|0|0]
10004300,,0,1.5,0,0.3,0.6,0.15,0.3,[0|0|0|0|0|0|0|0|0|0|0|0],1,1.3962634,[0|0|0|0|0|0|0|0|0|0|0|0|0|0|0|0],0.3,0.1,0.99,0.5,2,[0|0|0|0],1,1,0.4,0.4,0.4,0.1,0.1,1,0.17453292,0.34906584,0.4,0.4,0.4,0.3,0,0,2,[0|0|0|0],0,1,2,1,0.3,0,0,-0.5235988,0.5235988,-3.1415927,3.1415927,0.5,3,1.0471976,1.0471976,2.6179938,3.1415927,2.0943952,2.6179938,6.2831855,7.330383,1.0471976,0.06,0.1,0,0,[0|0|0|0|0|0|0|0],0.6,0.3,0,0,0.7,0.4,0.10471976,0.13962634,0.3,0.05,[0|0|0|0|0|0|0|0|0|0|0|0|0|0|0|0|0|0|0|0|0|0|0|0],0,0.2,0.3,2,5,1,[0|0|0|0|0|0|0|0],0.05,0.1,0.3,0,0,0,0,0,0,0,0.01,0.00017453292,0.01,0.01,0.01,0.3,1,0,0.5235988,[0|0|0|0],0,0,[0|0|0|0|0|0|0|0],0.5,[0|0|0|0|0|0|0|0|0|0|0|0]
10004400,,0,2,0,0.3,0.6,0.15,0.3,[0|0|0|0|0|0|0|0|0|0|0|0],1,1.3962634,[0|0|0|0|0|0|0|0|0|0|0|0|0|0|0|0],0.3,0.1,0.99,0.5,2,[0|0|0|0],1,1,0.4,0.4,0.4,0.1,0.1,1,0.17453292,0.34906584,0.4,0.4,0.4,0.3,0,0,2,[0|0|0|0],0,1,2,1,0.3,0,0,-0.5235988,0.5235988,-3.1415927,3.1415927,0.5,3,1.0471976,1.0471976,2.6179938,3.1415927,2.0943952,2.6179938,6.2831855,7.330383,1.0471976,0.06,0.1,0,0,[0|0|0|0|0|0|0|0],0.6,0.3,0,0,0.7,0.4,0.10471976,0.13962634,0.3,0.05,[0|0|0|0|0|0|0|0|0|0|0|0|0|0|0|0|0|0|0|0|0|0|0|0],0,0.2,0.3,2,5,1,[0|0|0|0|0|0|0|0],0.05,0.1,0.3,0,0,0,0,0,0,0,0.01,0.00017453292,0.01,0.01,0.01,0.3,1,0,0.5235988,[0|0|0|0],0,0,[0|0|0|0|0|0|0|0],0.5,[0|0|0|0|0|0|0|0|0|0|0|0]
10005000,,0,1.5,0,1,1,0.15,0.3,[0|0|0|0|0|0|0|0|0|0|0|0],1,1.3962634,[0|0|0|0|0|0|0|0|0|0|0|0|0|0|0|0],0.3,0.1,0.99,0.5,2,[0|0|0|0],1,1,0.4,0.4,0.4,0.1,0.1,0.4,0.17453292,0.34906584,0.4,0.4,0.4,0.3,0,0,2,[0|0|0|0],0,1,2,1,0.3,-0.6981317,1.3962634,-0.5235988,0.5235988,-3.1415927,3.1415927,0.5,3,1.0471976,1.0471976,2.6179938,3.1415927,2.0943952,2.6179938,6.2831855,7.330383,1.0471976,0.06,0.1,0,0,[0|0|0|0|0|0|0|0],0.6,0.3,0,0,0.7,0.4,0.10471976,0.13962634,0.3,0.05,[0|0|0|0|0|0|0|0|0|0|0|0|0|0|0|0|0|0|0|0|0|0|0|0],0,0.2,0.3,2,5,1,[0|0|0|0|0|0|0|0],0.05,0.1,0.3,0,0,0,0,0,0,0,0.01,0.00017453292,0.01,0.01,0.01,0.3,0,0,0,[0|0|0|0],0,0,[0|0|0|0|0|0|0|0],0.5,[0|0|0|0|0|0|0|0|0|0|0|0]
10005001,,0,1.5,0,1,1,0.15,0.3,[0|0|0|0|0|0|0|0|0|0|0|0],1,1.3962634,[0|0|0|0|0|0|0|0|0|0|0|0|0|0|0|0],0.3,0.1,0.99,0.5,2,[0|0|0|0],1,1,0.4,0.4,0.4,0.1,0.1,0.4,0.17453292,0.34906584,0.4,0.4,0.4,0.3,0,0,2,[0|0|0|0],0,1,2,1,0.3,-0.6981317,1.3962634,-0.5235988,0.5235988,-3.1415927,3.1415927,0.5,3,1.0471976,1.0471976,2.6179938,3.1415927,2.0943952,2.6179938,6.2831855,7.330383,1.0471976,0.06,0.1,0,0,[0|0|0|0|0|0|0|0],0.6,0.3,0,0,0.7,0.4,0.10471976,0.13962634,0.3,0.05,[0|0|0|0|0|0|0|0|0|0|0|0|0|0|0|0|0|0|0|0|0|0|0|0],0,0.2,0.3,2,5,1,[0|0|0|0|0|0|0|0],0.05,0.1,0.3,0,0,0,0,0,0,0,0.01,0.00017453292,0.01,0.01,0.01,0.3,0,0,0,[0|0|0|0],0,0,[0|0|0|0|0|0|0|0],0.5,[0|0|0|0|0|0|0|0|0|0|0|0]
10005100,,0,0.75,0,0.2,0.3,0.15,0.3,[0|0|0|0|0|0|0|0|0|0|0|0],1,1.3962634,[0|0|0|0|0|0|0|0|0|0|0|0|0|0|0|0],0.3,0.1,0.99,0.5,2,[0|0|0|0],1,1,0.4,0.4,0.4,0.1,0.1,0.4,0.17453292,0.34906584,0.4,0.4,0.4,0.3,0,0,2,[0|0|0|0],0,1,2,1,0.3,-0.6981317,1.3962634,-0.5235988,0.5235988,-3.1415927,3.1415927,0.5,3,1.0471976,1.0471976,2.6179938,3.1415927,2.0943952,2.6179938,6.2831855,7.330383,1.0471976,0.06,0.1,0,0,[0|0|0|0|0|0|0|0],0.6,0.3,0,0,0.7,0.4,0.10471976,0.13962634,0.3,0.05,[0|0|0|0|0|0|0|0|0|0|0|0|0|0|0|0|0|0|0|0|0|0|0|0],0,0.2,0.3,2,5,1,[0|0|0|0|0|0|0|0],0.05,0.1,0.3,0,0,0,0,0,0,0,0.01,0.00017453292,0.01,0.01,0.01,0.3,0,0,0,[0|0|0|0],0,0,[0|0|0|0|0|0|0|0],0.5,[0|0|0|0|0|0|0|0|0|0|0|0]
10005101,,0,2,0,0.2,0.3,0.15,0.3,[0|0|0|0|0|0|0|0|0|0|0|0],1,1.3962634,[0|0|0|0|0|0|0|0|0|0|0|0|0|0|0|0],0.3,0.1,0.99,0.5,2,[0|0|0|0],1,1,0.3,0.4,0.1,0.1,0.1,0.4,0.17453292,0.34906584,0.1,0.4,0.1,0.3,0,0,2,[0|0|0|0],0,1,2,1,0.3,-0.6981317,1.3962634,-0.5235988,0.5235988,-3.1415927,3.1415927,0.5,3,1.0471976,1.0471976,2.6179938,3.1415927,2.0943952,2.6179938,6.2831855,7.330383,1.0471976,0.06,0.1,0,0,[0|0|0|0|0|0|0|0],0.6,0.3,0,0,0.7,0.4,0.10471976,0.13962634,0.3,0.05,[0|0|0|0|0|0|0|0|0|0|0|0|0|0|0|0|0|0|0|0|0|0|0|0],0,0.2,0.3,2,5,1,[0|0|0|0|0|0|0|0],0.05,0.1,0.3,0,0,0,0,0,0,0,0.01,0.00017453292,0.01,0.01,0.01,0.3,0,0,0,[0|0|0|0],0,0,[0|0|0|0|0|0|0|0],0.5,[0|0|0|0|0|0|0|0|0|0|0|0]
10007200,,0,0.75,0,0.2,0.3,0.15,0.3,[0|0|0|0|0|0|0|0|0|0|0|0],1,1.3962634,[0|0|0|0|0|0|0|0|0|0|0|0|0|0|0|0],0.3,0.1,0.99,0.5,2,[0|0|0|0],1,1,0.4,0.4,0.4,0.1,0.1,0.4,0.17453292,0.34906584,0.4,0.4,0.4,0.3,0,0,2,[0|0|0|0],0,1,2,1,0.3,-0.6981317,1.3962634,-0.5235988,0.34906584,-3.1415927,3.1415927,0.5,3,1.0471976,1.0471976,2.6179938,3.1415927,2.0943952,2.6179938,6.2831855,7.330383,1.0471976,0.06,0.1,0,0,[0|0|0|0|0|0|0|0],0.6,0.3,0,0,0.7,0.4,0.10471976,0.13962634,0.3,0.05,[0|0|0|0|0|0|0|0|0|0|0|0|0|0|0|0|0|0|0|0|0|0|0|0],0,0.2,0.3,2,5,1,[0|0|0|0|0|0|0|0],0.05,0.1,0.3,0,0,0,0,0,0,0,0.01,0.00017453292,0.01,0.01,0.01,0.3,0,0,0,[0|0|0|0],0,0,[0|0|0|0|0|0|0|0],0.5,[0|0|0|0|0|0|0|0|0|0|0|0]
10009998,,0,1.5,0,0.2,0.3,0.15,0.3,[0|0|0|0|0|0|0|0|0|0|0|0],1,0,[0|0|0|0|0|0|0|0|0|0|0|0|0|0|0|0],0.3,0.1,0.99,0.5,2,[0|0|0|0],1,1,0.4,0.4,0.4,0.1,0.1,0.4,0.17453292,0.34906584,0.4,0.4,0.4,0.3,0,0,2,[0|0|0|0],0,1,2,1,0.3,-0.6981317,1.3962634,-0.5235988,0.5235988,-3.1415927,3.1415927,0.5,3,1.0471976,1.0471976,2.6179938,3.1415927,2.0943952,2.6179938,6.2831855,7.330383,1.0471976,0.06,0.1,0,0,[0|0|0|0|0|0|0|0],0.6,0.3,0,0,0.7,0.4,0.10471976,0.13962634,0.3,0.05,[0|0|0|0|0|0|0|0|0|0|0|0|0|0|0|0|0|0|0|0|0|0|0|0],0,0.2,0.3,2,5,1,[0|0|0|0|0|0|0|0],0.05,0.1,0.3,0,0,0,0,0,0,0,0.01,0.00017453292,0.01,0.01,0.01,0.3,0,0,0,[0|0|0|0],0,0,[0|0|0|0|0|0|0|0],0.5,[0|0|0|0|0|0|0|0|0|0|0|0]
10010000,,0,1.5,0,0.7,0.5,0.2,0.2,[0|0|0|0|0|0|0|0|0|0|0|0],1,0,[0|0|0|0|0|0|0|0|0|0|0|0|0|0|0|0],0.3,0.1,0.99,0.5,2,[0|0|0|0],1,1,1,1,1,1,0.1,1,0,0,0.7,0.7,0.4,0.3,0,0,2,[0|0|0|0],0,1,2,1,0.3,-0.6981317,1.3962634,-0.5235988,0.5235988,-3.1415927,3.1415927,0.5,3,1.0471976,1.0471976,2.6179938,3.1415927,2.0943952,2.6179938,6.2831855,7.330383,1.0471976,0.06,0.1,0,0,[0|0|0|0|0|0|0|0],0.6,0.3,0,0,0.7,0.4,0.10471976,0.13962634,0.3,0.05,[0|0|0|0|0|0|0|0|0|0|0|0|0|0|0|0|0|0|0|0|0|0|0|0],0,0.2,0.3,2,5,1,[0|0|0|0|0|0|0|0],0.05,0.1,0.3,0,0,0,0,0,0,0,0.01,0.00017453292,0.01,0.01,0.01,0.3,0,0,0,[0|0|0|0],0,0,[0|0|0|0|0|0|0|0],0.5,[0|0|0|0|0|0|0|0|0|0|0|0]
10059210,,0,1.5,0,0.2,0.3,0.15,0.3,[0|0|0|0|0|0|0|0|0|0|0|0],1,0,[0|0|0|0|0|0|0|0|0|0|0|0|0|0|0|0],0.3,0.1,0.99,0.5,2,[0|0|0|0],1,1,0.4,0.4,0.4,0.1,0.1,0.4,0.17453292,0.34906584,0.4,0.4,0.4,0.3,0,0,2,[0|0|0|0],0,1,2,1,0.3,-0.6981317,1.3962634,-0.5235988,0.5235988,-3.1415927,3.1415927,0.5,3,1.0471976,1.0471976,2.6179938,3.1415927,2.0943952,2.6179938,6.2831855,7.330383,1.0471976,0.06,0.1,0,0,[0|0|0|0|0|0|0|0],0.6,0.3,0,0,0.7,0.4,0.10471976,0.13962634,0.3,0.05,[0|0|0|0|0|0|0|0|0|0|0|0|0|0|0|0|0|0|0|0|0|0|0|0],0,0.2,0.3,2,5,1,[0|0|0|0|0|0|0|0],0.05,0.1,0.3,0,0,0,0,0,0,0,0.01,0.00017453292,0.01,0.01,0.01,0.3,0,0,0,[0|0|0|0],0,0,[0|0|0|0|0|0|0|0],0.5,[0|0|0|0|0|0|0|0|0|0|0|0]
15080000,,0,1.5,0,0.2,0.3,0.15,0.3,[0|0|0|0|0|0|0|0|0|0|0|0],1,1.3962634,[0|0|0|0|0|0|0|0|0|0|0|0|0|0|0|0],0.3,0.1,0.99,0.5,2,[0|0|0|0],1,1,0.4,0.4,0.4,0.1,0.1,0.4,0.17453292,0.34906584,0.4,0.4,0.4,0.3,0,0,2,[0|0|0|0],0,1,2,1,0.3,-0.6981317,1.3962634,-0.5235988,0.5235988,-3.1415927,3.1415927,0.5,3,1.0471976,1.0471976,2.6179938,3.1415927,2.0943952,2.6179938,6.2831855,7.330383,1.0471976,0.06,0.1,0,0,[0|0|0|0|0|0|0|0],0.4,0.2,0,0,0.7,0.4,0.10471976,0.13962634,0.3,0.05,[0|0|0|0|0|0|0|0|0|0|0|0|0|0|0|0|0|0|0|0|0|0|0|0],0,0.2,0.3,2,5,1,[0|0|0|0|0|0|0|0],0.05,0.1,0.3,0,0,0,0,0,0,0,0.01,0.00017453292,0.01,0.01,0.01,0.3,0,0,0,[0|0|0|0],0,0,[0|0|0|0|0|0|0|0],0.5,[0|0|0|0|0|0|0|0|0|0|0|0]
15080001,,0,1,0,0.2,0.3,0.15,0.3,[0|0|0|0|0|0|0|0|0|0|0|0],1,1.3962634,[0|0|0|0|0|0|0|0|0|0|0|0|0|0|0|0],0.3,0.1,0.99,0.5,2,[0|0|0|0],1,1,0.4,0.4,0.4,0.1,0.1,0.4,0.17453292,0.34906584,0.4,0.4,0.4,0.3,0,0,2,[0|0|0|0],0,1,2,1,0.3,-0.6981317,1.3962634,-0.5235988,0.5235988,-3.1415927,3.1415927,0.5,3,1.0471976,1.0471976,2.6179938,3.1415927,2.0943952,2.6179938,6.2831855,7.330383,1.0471976,0.06,0.1,0,0,[0|0|0|0|0|0|0|0],0.4,0.2,0,0,0.7,0.4,0.10471976,0.13962634,0.3,0.05,[0|0|0|0|0|0|0|0|0|0|0|0|0|0|0|0|0|0|0|0|0|0|0|0],0,0.2,0.3,2,5,1,[0|0|0|0|0|0|0|0],0.05,0.1,0.3,0,0,0,0,0,0,0,0.01,0.00017453292,0.01,0.01,0.01,0.3,0,0,0,[0|0|0|0],0,0,[0|0|0|0|0|0|0|0],0.5,[0|0|0|0|0|0|0|0|0|0|0|0]
15080007,,0,1,0,0.2,0.3,0.15,0.3,[0|0|0|0|0|0|0|0|0|0|0|0],1,1.3962634,[0|0|0|0|0|0|0|0|0|0|0|0|0|0|0|0],0.3,0.1,0.99,0.5,2,[0|0|0|0],1,1,0.4,0.4,0.4,0.1,0.1,0.4,0.17453292,0.34906584,0.4,0.4,0.4,0.3,0,0,2,[0|0|0|0],0,1,2,1,0.3,-0.6981317,1.3962634,-0.5235988,0.5235988,-3.1415927,3.1415927,0.5,3,1.0471976,1.0471976,2.6179938,3.1415927,2.0943952,2.6179938,6.2831855,7.330383,1.0471976,0.06,0.1,0,0,[0|0|0|0|0|0|0|0],0.4,0.2,0,0,0.7,0.4,0.10471976,0.13962634,0.3,0.05,[0|0|0|0|0|0|0|0|0|0|0|0|0|0|0|0|0|0|0|0|0|0|0|0],0,0.2,0.3,2,5,1,[0|0|0|0|0|0|0|0],0.05,0.1,0.3,0,0,0,0,0,0,0,0.01,0.00017453292,0.01,0.01,0.01,0.3,0,0,0,[0|0|0|0],0,0,[0|0|0|0|0|0|0|0],0.5,[0|0|0|0|0|0|0|0|0|0|0|0]
15090100,,0,1.5,0,0.2,0.3,0.15,0.3,[0|0|0|0|0|0|0|0|0|0|0|0],1,1.3962634,[0|0|0|0|0|0|0|0|0|0|0|0|0|0|0|0],0.3,0.1,0.99,0.5,2,[0|0|0|0],1,1,0.4,0.4,0.4,0.1,0.1,0.4,0.17453292,0.34906584,0.4,0.4,0.4,0.3,0,0,2,[0|0|0|0],0,1,2,1,0.3,-0.6981317,1.3962634,-0.5235988,0.5235988,-3.1415927,3.1415927,0.5,3,1.0471976,1.0471976,2.6179938,3.1415927,2.0943952,2.6179938,6.2831855,7.330383,1.0471976,0.06,0.1,0,0,[0|0|0|0|0|0|0|0],0.4,0.075,0,0,0.7,0.4,0.10471976,0.13962634,0.3,0.05,[0|0|0|0|0|0|0|0|0|0|0|0|0|0|0|0|0|0|0|0|0|0|0|0],0,0.2,0.3,2,5,1,[0|0|0|0|0|0|0|0],0.05,0.1,0.3,0,0,0,0,0,0,0,0.01,0.00017453292,0.01,0.01,0.01,0.3,0,0,0,[0|0|0|0],0,0,[0|0|0|0|0|0|0|0],0.5,[0|0|0|0|0|0|0|0|0|0|0|0]
15090101,,0,1,0,0.2,0.3,0.15,0.3,[0|0|0|0|0|0|0|0|0|0|0|0],1,1.3962634,[0|0|0|0|0|0|0|0|0|0|0|0|0|0|0|0],0.3,0.1,0.99,0.5,2,[0|0|0|0],1,1,0.4,0.4,0.4,0.1,0.1,0.4,0.17453292,0.34906584,0.4,0.4,0.4,0.3,0,0,2,[0|0|0|0],0,1,2,1,0.3,-0.6981317,1.3962634,-0.5235988,0.5235988,-3.1415927,3.1415927,0.5,3,1.0471976,1.0471976,2.6179938,3.1415927,2.0943952,2.6179938,6.2831855,7.330383,1.0471976,0.06,0.1,0,0,[0|0|0|0|0|0|0|0],0.4,0.075,0,0,0.7,0.4,0.10471976,0.13962634,0.3,0.05,[0|0|0|0|0|0|0|0|0|0|0|0|0|0|0|0|0|0|0|0|0|0|0|0],0,0.2,0.3,2,5,1,[0|0|0|0|0|0|0|0],0.05,0.1,0.3,0,0,0,0,0,0,0,0.01,0.00017453292,0.01,0.01,0.01,0.3,0,0,0,[0|0|0|0],0,0,[0|0|0|0|0|0|0|0],0.5,[0|0|0|0|0|0|0|0|0|0|0|0]
15090107,,0,1,0,0.2,0.3,0.15,0.3,[0|0|0|0|0|0|0|0|0|0|0|0],1,1.3962634,[0|0|0|0|0|0|0|0|0|0|0|0|0|0|0|0],0.3,0.1,0.99,0.5,2,[0|0|0|0],1,1,0.4,0.4,0.4,0.1,0.1,0.4,0.17453292,0.34906584,0.4,0.4,0.4,0.3,0,0,2,[0|0|0|0],0,1,2,1,0.3,-0.6981317,1.3962634,-0.5235988,0.5235988,-3.1415927,3.1415927,0.5,3,1.0471976,1.0471976,2.6179938,3.1415927,2.0943952,2.6179938,6.2831855,7.330383,1.0471976,0.06,0.1,0,0,[0|0|0|0|0|0|0|0],0.4,0.075,0,0,0.7,0.4,0.10471976,0.13962634,0.3,0.05,[0|0|0|0|0|0|0|0|0|0|0|0|0|0|0|0|0|0|0|0|0|0|0|0],0,0.2,0.3,2,5,1,[0|0|0|0|0|0|0|0],0.05,0.1,0.3,0,0,0,0,0,0,0,0.01,0.00017453292,0.01,0.01,0.01,0.3,0,0,0,[0|0|0|0],0,0,[0|0|0|0|0|0|0|0],0.5,[0|0|0|0|0|0|0|0|0|0|0|0]
15100000,,0,2,0,0.3,0.3,0.15,0.3,[0|0|0|0|0|0|0|0|0|0|0|0],1,1.3962634,[0|0|0|0|0|0|0|0|0|0|0|0|0|0|0|0],0.3,0.1,0.99,0.5,2,[0|0|0|0],1,1,0.4,0.4,0.4,0.1,0.1,0.4,0.17453292,0.34906584,0.4,0.4,0.4,0.3,0,0,2,[0|0|0|0],0,1,2,1,0.3,-0.6981317,1.3962634,-0.5235988,0.5235988,-3.1415927,3.1415927,0.5,3,1.0471976,1.0471976,2.6179938,3.1415927,2.0943952,2.6179938,6.2831855,7.330383,1.0471976,0.06,0.1,0,0,[0|0|0|0|0|0|0|0],0.5,0.2,0,0,0.7,0.4,0.10471976,0.13962634,0.3,0.05,[0|0|0|0|0|0|0|0|0|0|0|0|0|0|0|0|0|0|0|0|0|0|0|0],0,0.2,0.3,2,5,1,[0|0|0|0|0|0|0|0],0.05,0.1,0.3,0,0,0,0,0,0,0,0.01,0.00017453292,0.01,0.01,0.01,0.3,0,0,0,[0|0|0|0],0,0,[0|0|0|0|0|0|0|0],0.5,[0|0|0|0|0|0|0|0|0|0|0|0]
15100001,,0,1.5,0,0.3,0.3,0.15,0.3,[0|0|0|0|0|0|0|0|0|0|0|0],1,1.3962634,[0|0|0|0|0|0|0|0|0|0|0|0|0|0|0|0],0.3,0.1,0.99,0.5,2,[0|0|0|0],1,1,0.4,0.4,0.4,0.1,0.1,0.4,0.17453292,0.34906584,0.4,0.4,0.4,0.3,0,0,2,[0|0|0|0],0,1,2,1,0.3,-0.6981317,1.3962634,-0.5235988,0.5235988,-3.1415927,3.1415927,0.5,3,1.0471976,1.0471976,2.6179938,3.1415927,2.0943952,2.6179938,6.2831855,7.330383,1.0471976,0.06,0.1,0,0,[0|0|0|0|0|0|0|0],0.5,0.2,0,0,0.7,0.4,0.10471976,0.13962634,0.3,0.05,[0|0|0|0|0|0|0|0|0|0|0|0|0|0|0|0|0|0|0|0|0|0|0|0],0,0.2,0.3,2,5,1,[0|0|0|0|0|0|0|0],0.05,0.1,0.3,0,0,0,0,0,0,0,0.01,0.00017453292,0.01,0.01,0.01,0.3,0,0,0,[0|0|0|0],0,0,[0|0|0|0|0|0|0|0],0.5,[0|0|0|0|0|0|0|0|0|0|0|0]
15100007,,0,1.5,0,0.3,0.3,0.15,0.3,[0|0|0|0|0|0|0|0|0|0|0|0],1,1.3962634,[0|0|0|0|0|0|0|0|0|0|0|0|0|0|0|0],0.3,0.1,0.99,0.5,2,[0|0|0|0],1,1,0.4,0.4,0.4,0.1,0.1,0.4,0.17453292,0.34906584,0.4,0.4,0.4,0.3,0,0,2,[0|0|0|0],0,1,2,1,0.3,-0.6981317,1.3962634,-0.5235988,0.5235988,-3.1415927,3.1415927,0.5,3,1.0471976,1.0471976,2.6179938,3.1415927,2.0943952,2.6179938,6.2831855,7.330383,1.0471976,0.06,0.1,0,0,[0|0|0|0|0|0|0|0],0.5,0.2,0,0,0.7,0.4,0.10471976,0.13962634,0.3,0.05,[0|0|0|0|0|0|0|0|0|0|0|0|0|0|0|0|0|0|0|0|0|0|0|0],0,0.2,0.3,2,5,1,[0|0|0|0|0|0|0|0],0.05,0.1,0.3,0,0,0,0,0,0,0,0.01,0.00017453292,0.01,0.01,0.01,0.3,0,0,0,[0|0|0|0],0,0,[0|0|0|0|0|0|0|0],0.5,[0|0|0|0|0|0|0|0|0|0|0|0]
15200000,,0,2.5,0,0.2,0.3,0.15,0.3,[0|0|0|0|0|0|0|0|0|0|0|0],1,1.3962634,[0|0|0|0|0|0|0|0|0|0|0|0|0|0|0|0],0.3,0.1,0.99,0.5,2,[0|0|0|0],1,1,0.4,0.4,0.4,0.1,0.1,0.4,0.17453292,0.34906584,0.4,0.4,0.4,0.3,0,0,2,[0|0|0|0],0,1,2,1,0.3,-0.6981317,1.3962634,-0.5235988,0.5235988,-3.1415927,3.1415927,0.5,3,1.0471976,1.0471976,2.6179938,3.1415927,2.0943952,2.6179938,6.2831855,7.330383,1.0471976,0.06,0.1,0,0,[0|0|0|0|0|0|0|0],0.6,0.15,0,0,0.7,0.4,0.10471976,0.13962634,0.3,0.05,[0|0|0|0|0|0|0|0|0|0|0|0|0|0|0|0|0|0|0|0|0|0|0|0],0,0.2,0.3,2,5,1,[0|0|0|0|0|0|0|0],0.05,0.1,0.3,0,0,0,0,0,0,0,0.01,0.00017453292,0.01,0.01,0.01,0.3,0,0,0,[0|0|0|0],0,0,[0|0|0|0|0|0|0|0],0.5,[0|0|0|0|0|0|0|0|0|0|0|0]
15200001,,0,2,0,0.2,0.3,0.15,0.3,[0|0|0|0|0|0|0|0|0|0|0|0],1,1.3962634,[0|0|0|0|0|0|0|0|0|0|0|0|0|0|0|0],0.3,0.1,0.99,0.5,2,[0|0|0|0],1,1,0.4,0.4,0.4,0.1,0.1,0.4,0.17453292,0.34906584,0.4,0.4,0.4,0.3,0,0,2,[0|0|0|0],0,1,2,1,0.3,-0.6981317,1.3962634,-0.5235988,0.5235988,-3.1415927,3.1415927,0.5,3,1.0471976,1.0471976,2.6179938,3.1415927,2.0943952,2.6179938,6.2831855,7.330383,1.0471976,0.06,0.1,0,0,[0|0|0|0|0|0|0|0],0.6,0.3,0,0,0.7,0.4,0.10471976,0.13962634,0.3,0.05,[0|0|0|0|0|0|0|0|0|0|0|0|0|0|0|0|0|0|0|0|0|0|0|0],0,0.2,0.3,2,5,1,[0|0|0|0|0|0|0|0],0.05,0.1,0.3,0,0,0,0,0,0,0,0.01,0.00017453292,0.01,0.01,0.01,0.3,0,0,0,[0|0|0|0],0,0,[0|0|0|0|0|0|0|0],0.5,[0|0|0|0|0|0|0|0|0|0|0|0]
15200007,,0,2,0,0.2,0.3,0.15,0.3,[0|0|0|0|0|0|0|0|0|0|0|0],1,1.3962634,[0|0|0|0|0|0|0|0|0|0|0|0|0|0|0|0],0.3,0.1,0.99,0.5,2,[0|0|0|0],1,1,0.4,0.4,0.4,0.1,0.1,0.4,0.17453292,0.34906584,0.4,0.4,0.4,0.3,0,0,2,[0|0|0|0],0,1,2,1,0.3,-0.6981317,1.3962634,-0.5235988,0.5235988,-3.1415927,3.1415927,0.5,3,1.0471976,1.0471976,2.6179938,3.1415927,2.0943952,2.6179938,6.2831855,7.330383,1.0471976,0.06,0.1,0,0,[0|0|0|0|0|0|0|0],0.6,0.3,0,0,0.7,0.4,0.10471976,0.13962634,0.3,0.05,[0|0|0|0|0|0|0|0|0|0|0|0|0|0|0|0|0|0|0|0|0|0|0|0],0,0.2,0.3,2,5,1,[0|0|0|0|0|0|0|0],0.05,0.1,0.3,0,0,0,0,0,0,0,0.01,0.00017453292,0.01,0.01,0.01,0.3,0,0,0,[0|0|0|0],0,0,[0|0|0|0|0|0|0|0],0.5,[0|0|0|0|0|0|0|0|0|0|0|0]
15200009,,0,2.5,0,0.2,0.3,0.15,0.3,[0|0|0|0|0|0|0|0|0|0|0|0],1,1.3962634,[0|0|0|0|0|0|0|0|0|0|0|0|0|0|0|0],0.3,0.1,0.99,0.5,2,[0|0|0|0],1,1,0.4,0.4,0.4,0.1,0.1,0.4,0.17453292,0.34906584,0.4,0.4,0.4,0.3,0,0,2,[0|0|0|0],0,1,2,1,0.3,-0.6981317,1.3962634,-0.5235988,0.5235988,-3.1415927,3.1415927,0.5,3,1.0471976,1.0471976,2.6179938,3.1415927,2.0943952,2.6179938,6.2831855,7.330383,1.0471976,0.06,0.1,0,0,[0|0|0|0|0|0|0|0],0.6,0.3,0,0,0.7,0.4,0.10471976,0.13962634,0.3,0.05,[0|0|0|0|0|0|0|0|0|0|0|0|0|0|0|0|0|0|0|0|0|0|0|0],0,0.2,0.3,2,5,1,[0|0|0|0|0|0|0|0],0.05,0.1,0.3,0,0,0,0,0,0,0,0.01,0.00017453292,0.01,0.01,0.01,0.3,0,0,0,[0|0|0|0],0,0,[0|0|0|0|0|0|0|0],0.5,[0|0|0|0|0|0|0|0|0|0|0|0]
15200010,,0,2.5,0,0.2,0.3,0.15,0.3,[0|0|0|0|0|0|0|0|0|0|0|0],1,1.3962634,[0|0|0|0|0|0|0|0|0|0|0|0|0|0|0|0],0.3,0.1,0.99,0.5,2,[0|0|0|0],1,1,0.4,0.8,0.4,0.1,0.1,0.8,0.17453292,0.34906584,0.4,0.4,0.4,0.3,0,0,2,[0|0|0|0],0,1,2,1,0.3,-0.6981317,1.3962634,-0.5235988,0.5235988,-3.1415927,3.1415927,0.5,3,1.0471976,1.0471976,2.6179938,3.1415927,2.0943952,2.6179938,6.2831855,7.330383,1.0471976,0.06,0.1,0,0,[0|0|0|0|0|0|0|0],0.6,0.3,0,0,0.7,0.4,0.10471976,0.13962634,0.3,0.05,[0|0|0|0|0|0|0|0|0|0|0|0|0|0|0|0|0|0|0|0|0|0|0|0],0,0.2,0.3,2,5,1,[0|0|0|0|0|0|0|0],0.05,0.1,0.3,0,0,0,0,0,0,0,0.01,0.00017453292,0.01,0.01,0.01,0.3,0,0,0,[0|0|0|0],0,0,[0|0|0|0|0|0|0|0],0.5,[0|0|0|0|0|0|0|0|0|0|0|0]
15200016,,0,2.5,0,0.2,0.3,0.15,0.3,[0|0|0|0|0|0|0|0|0|0|0|0],1,1.3962634,[0|0|0|0|0|0|0|0|0|0|0|0|0|0|0|0],0.3,0.1,0.99,0.5,2,[0|0|0|0],1,1,0.4,0.8,0.4,0.1,0.1,0.8,0.17453292,0.34906584,0.2,0.2,0.4,0.3,0,0,2,[0|0|0|0],0,1,2,1,0.3,-0.6981317,1.3962634,-0.5235988,0.5235988,-3.1415927,3.1415927,0.5,3,1.0471976,1.0471976,2.6179938,3.1415927,2.0943952,2.6179938,6.2831855,7.330383,1.0471976,0.06,0.1,0,0,[0|0|0|0|0|0|0|0],0.6,0.3,0,0,0.7,0.4,0.10471976,0.13962634,0.3,0.05,[0|0|0|0|0|0|0|0|0|0|0|0|0|0|0|0|0|0|0|0|0|0|0|0],0,0.2,0.3,2,5,1,[0|0|0|0|0|0|0|0],0.05,0.1,0.3,0,0,0,0,0,0,0,0.01,0.00017453292,0.01,0.01,0.01,0.3,0,0,0,[0|0|0|0],0,0,[0|0|0|0|0|0|0|0],0.5,[0|0|0|0|0|0|0|0|0|0|0|0]
15200017,,0,2.5,0,0.2,0.3,0.15,0.3,[0|0|0|0|0|0|0|0|0|0|0|0],1,1.3962634,[0|0|0|0|0|0|0|0|0|0|0|0|0|0|0|0],0.3,0.1,0.99,0.5,2,[0|0|0|0],1,1,0.4,0.4,0.4,0.1,0.1,0.8,0.17453292,0.34906584,0.8,0.8,0.4,0.3,0,0,2,[0|0|0|0],0,1,2,1,0.3,-0.6981317,1.3962634,-0.5235988,0.5235988,-3.1415927,3.1415927,0.5,3,1.0471976,1.0471976,2.6179938,3.1415927,2.0943952,2.6179938,6.2831855,7.330383,1.0471976,0.06,0.1,0,0,[0|0|0|0|0|0|0|0],0.6,0.3,0,0,0.7,0.4,0.10471976,0.13962634,0.3,0.05,[0|0|0|0|0|0|0|0|0|0|0|0|0|0|0|0|0|0|0|0|0|0|0|0],0,0.2,0.3,2,5,1,[0|0|0|0|0|0|0|0],0.05,0.1,0.3,0,0,0,0,0,0,0,0.01,0.00017453292,0.01,0.01,0.01,0.3,1,0.2617994,0.7853982,[0|0|0|0],0.7853982,0.7853982,[0|0|0|0|0|0|0|0],0.5,[0|0|0|0|0|0|0|0|0|0|0|0]
15200018,,0,2.5,0,0.2,0.3,0.15,0.3,[0|0|0|0|0|0|0|0|0|0|0|0],1,1.3962634,[0|0|0|0|0|0|0|0|0|0|0|0|0|0|0|0],0.3,0.1,0.99,0.5,2,[0|0|0|0],1,1,0.4,0.4,0.4,0.1,0.1,0.6,0.17453292,0.34906584,0.4,0.4,0.4,0.3,0,0,2,[0|0|0|0],0,1,2,1,0.3,-0.6981317,1.3962634,-0.5235988,0.5235988,-3.1415927,3.1415927,0.5,3,1.0471976,1.0471976,2.6179938,3.1415927,2.0943952,2.6179938,6.2831855,7.330383,1.0471976,0.06,0.1,0,0,[0|0|0|0|0|0|0|0],0.6,0.3,0,0,0.7,0.4,0.10471976,0.13962634,0.3,0.05,[0|0|0|0|0|0|0|0|0|0|0|0|0|0|0|0|0|0|0|0|0|0|0|0],0,0.2,0.3,2,5,1,[0|0|0|0|0|0|0|0],0.05,0.1,0.3,0,0,0,0,0,0,0,0.01,0.00017453292,0.01,0.01,0.01,0.3,1,0.2617994,0.7853982,[0|0|0|0],0.7853982,0.7853982,[0|0|0|0|0|0|0|0],0.5,[0|0|0|0|0|0|0|0|0|0|0|0]
15200110,,0,2,0,0.2,0.3,0.15,0.3,[0|0|0|0|0|0|0|0|0|0|0|0],1,1.3962634,[0|0|0|0|0|0|0|0|0|0|0|0|0|0|0|0],0.3,0.1,0.99,0.5,2,[0|0|0|0],1,1,0.4,0.8,0.4,0.1,0.1,0.8,0.17453292,0.34906584,0.4,0.4,0.4,0.3,0,0,2,[0|0|0|0],0,1,2,1,0.3,-0.6981317,1.3962634,-0.5235988,0.5235988,-3.1415927,3.1415927,0.5,3,1.0471976,1.0471976,2.6179938,3.1415927,2.0943952,2.6179938,6.2831855,7.330383,1.0471976,0.06,0.1,0,0,[0|0|0|0|0|0|0|0],0.6,0.3,0,0,0.7,0.4,0.10471976,0.13962634,0.3,0.05,[0|0|0|0|0|0|0|0|0|0|0|0|0|0|0|0|0|0|0|0|0|0|0|0],0,0.2,0.3,2,5,1,[0|0|0|0|0|0|0|0],0.05,0.1,0.3,0,0,0,0,0,0,0,0.01,0.00017453292,0.01,0.01,0.01,0.3,0,0,0,[0|0|0|0],0,0,[0|0|0|0|0|0|0|0],0.5,[0|0|0|0|0|0|0|0|0|0|0|0]
15200120,,0,2,0,0.2,1,0.15,0.3,[0|0|0|0|0|0|0|0|0|0|0|0],1,1.3962634,[0|0|0|0|0|0|0|0|0|0|0|0|0|0|0|0],0.3,0.1,0.99,0.5,2,[0|0|0|0],1,1,0.4,0.8,0.4,0.1,0.1,0.8,0.17453292,0.34906584,0.4,0.4,0.4,0.3,0,0,2,[0|0|0|0],0,1,2,1,0.3,-0.6981317,1.3962634,-0.5235988,0.5235988,-3.1415927,3.1415927,0.5,3,1.0471976,1.0471976,2.6179938,3.1415927,2.0943952,2.6179938,6.2831855,7.330383,1.0471976,0.06,0.1,0,0,[0|0|0|0|0|0|0|0],0.6,0.3,0,0,0.7,0.4,0.10471976,0.13962634,0.3,0.05,[0|0|0|0|0|0|0|0|0|0|0|0|0|0|0|0|0|0|0|0|0|0|0|0],0,0.2,0.3,2,5,1,[0|0|0|0|0|0|0|0],0.05,0.1,0.3,0,0,0,0,0,0,0,0.01,0.00017453292,0.01,0.01,0.01,0.3,0,0,0,[0|0|0|0],0,0,[0|0|0|0|0|0|0|0],0.5,[0|0|0|0|0|0|0|0|0|0|0|0]
15300000,,0,1.5,0,0.2,0.3,0.15,0.3,[0|0|0|0|0|0|0|0|0|0|0|0],1,1.3962634,[0|0|0|0|0|0|0|0|0|0|0|0|0|0|0|0],0.3,0.1,0.99,0.5,2,[0|0|0|0],1,1,0.4,0.4,0.4,0.1,0.1,0.4,0.17453292,0.34906584,0.4,0.4,0.4,0.3,0,0,2,[0|0|0|0],0,1,2,1,0.3,-0.6981317,1.3962634,-0.5235988,0.5235988,-3.1415927,3.1415927,0.5,3,1.0471976,1.0471976,2.6179938,3.1415927,2.0943952,2.6179938,6.2831855,7.330383,1.0471976,0.06,0.1,0,0,[0|0|0|0|0|0|0|0],0.6,0.3,0,0,0.7,0.4,0.10471976,0.13962634,0.3,0.05,[0|0|0|0|0|0|0|0|0|0|0|0|0|0|0|0|0|0|0|0|0|0|0|0],0,0.2,0.3,2,5,1,[0|0|0|0|0|0|0|0],0.05,0.1,0.3,0,0,0,0,0,0,0,0.01,0.00017453292,0.01,0.01,0.01,0.3,0,0,0,[0|0|0|0],0,0,[0|0|0|0|0|0|0|0],0.5,[0|0|0|0|0|0|0|0|0|0|0|0]
15300001,,0,1,0,0.2,0.3,0.15,0.3,[0|0|0|0|0|0|0|0|0|0|0|0],1,1.3962634,[0|0|0|0|0|0|0|0|0|0|0|0|0|0|0|0],0.3,0.1,0.99,0.5,2,[0|0|0|0],1,1,0.4,0.4,0.4,0.1,0.1,0.4,0.17453292,0.34906584,0.4,0.4,0.4,0.3,0,0,2,[0|0|0|0],0,1,2,1,0.3,-0.6981317,1.3962634,-0.5235988,0.5235988,-3.1415927,3.1415927,0.5,3,1.0471976,1.0471976,2.6179938,3.1415927,2.0943952,2.6179938,6.2831855,7.330383,1.0471976,0.06,0.1,0,0,[0|0|0|0|0|0|0|0],0.6,0.3,0,0,0.7,0.4,0.10471976,0.13962634,0.3,0.05,[0|0|0|0|0|0|0|0|0|0|0|0|0|0|0|0|0|0|0|0|0|0|0|0],0,0.2,0.3,2,5,1,[0|0|0|0|0|0|0|0],0.05,0.1,0.3,0,0,0,0,0,0,0,0.01,0.00017453292,0.01,0.01,0.01,0.3,0,0,0,[0|0|0|0],0,0,[0|0|0|0|0|0|0|0],0.5,[0|0|0|0|0|0|0|0|0|0|0|0]
15300007,,0,1,0,0.2,0.3,0.15,0.3,[0|0|0|0|0|0|0|0|0|0|0|0],1,1.3962634,[0|0|0|0|0|0|0|0|0|0|0|0|0|0|0|0],0.3,0.1,0.99,0.5,2,[0|0|0|0],1,1,0.4,0.4,0.4,0.1,0.1,0.4,0.17453292,0.34906584,0.4,0.4,0.4,0.3,0,0,2,[0|0|0|0],0,1,2,1,0.3,-0.6981317,1.3962634,-0.5235988,0.5235988,-3.1415927,3.1415927,0.5,3,1.0471976,1.0471976,2.6179938,3.1415927,2.0943952,2.6179938,6.2831855,7.330383,1.0471976,0.06,0.1,0,0,[0|0|0|0|0|0|0|0],0.6,0.3,0,0,0.7,0.4,0.10471976,0.13962634,0.3,0.05,[0|0|0|0|0|0|0|0|0|0|0|0|0|0|0|0|0|0|0|0|0|0|0|0],0,0.2,0.3,2,5,1,[0|0|0|0|0|0|0|0],0.05,0.1,0.3,0,0,0,0,0,0,0,0.01,0.00017453292,0.01,0.01,0.01,0.3,0,0,0,[0|0|0|0],0,0,[0|0|0|0|0|0|0|0],0.5,[0|0|0|0|0|0|0|0|0|0|0|0]
15300100,,0,1.5,0,0.2,0.3,0.15,0.3,[0|0|0|0|0|0|0|0|0|0|0|0],1,1.3962634,[0|0|0|0|0|0|0|0|0|0|0|0|0|0|0|0],0.3,0.1,0.99,0.5,2,[0|0|0|0],1,1,0.4,0.4,0.4,0.1,0.1,0.4,0.17453292,0.34906584,0.4,0.4,0.4,0.3,0,0,2,[0|0|0|0],0,1,2,1,0.3,-0.6981317,1.3962634,-0.5235988,0.5235988,-3.1415927,3.1415927,0.5,3,1.0471976,1.0471976,2.6179938,3.1415927,2.0943952,2.6179938,6.2831855,7.330383,1.0471976,0.06,0.1,0,0,[0|0|0|0|0|0|0|0],0.6,0.3,0,0,0.7,0.4,0.10471976,0.13962634,0.3,0.05,[0|0|0|0|0|0|0|0|0|0|0|0|0|0|0|0|0|0|0|0|0|0|0|0],0,0.2,0.3,2,5,1,[0|0|0|0|0|0|0|0],0.05,0.1,0.3,0,0,0,0,0,0,0,0.01,0.00017453292,0.01,0.01,0.01,0.3,0,0,0,[0|0|0|0],0,0,[0|0|0|0|0|0|0|0],0.5,[0|0|0|0|0|0|0|0|0|0|0|0]
15300101,,0,1,0,0.2,0.3,0.15,0.3,[0|0|0|0|0|0|0|0|0|0|0|0],1,1.3962634,[0|0|0|0|0|0|0|0|0|0|0|0|0|0|0|0],0.3,0.1,0.99,0.5,2,[0|0|0|0],1,1,0.4,0.4,0.4,0.1,0.1,0.4,0.17453292,0.34906584,0.4,0.4,0.4,0.3,0,0,2,[0|0|0|0],0,1,2,1,0.3,-0.6981317,1.3962634,-0.5235988,0.5235988,-3.1415927,3.1415927,0.5,3,1.0471976,1.0471976,2.6179938,3.1415927,2.0943952,2.6179938,6.2831855,7.330383,1.0471976,0.06,0.1,0,0,[0|0|0|0|0|0|0|0],0.6,0.3,0,0,0.7,0.4,0.10471976,0.13962634,0.3,0.05,[0|0|0|0|0|0|0|0|0|0|0|0|0|0|0|0|0|0|0|0|0|0|0|0],0,0.2,0.3,2,5,1,[0|0|0|0|0|0|0|0],0.05,0.1,0.3,0,0,0,0,0,0,0,0.01,0.00017453292,0.01,0.01,0.01,0.3,0,0,0,[0|0|0|0],0,0,[0|0|0|0|0|0|0|0],0.5,[0|0|0|0|0|0|0|0|0|0|0|0]
15300107,,0,1,0,0.2,0.3,0.15,0.3,[0|0|0|0|0|0|0|0|0|0|0|0],1,1.3962634,[0|0|0|0|0|0|0|0|0|0|0|0|0|0|0|0],0.3,0.1,0.99,0.5,2,[0|0|0|0],1,1,0.4,0.4,0.4,0.1,0.1,0.4,0.17453292,0.34906584,0.4,0.4,0.4,0.3,0,0,2,[0|0|0|0],0,1,2,1,0.3,-0.6981317,1.3962634,-0.5235988,0.5235988,-3.1415927,3.1415927,0.5,3,1.0471976,1.0471976,2.6179938,3.1415927,2.0943952,2.6179938,6.2831855,7.330383,1.0471976,0.06,0.1,0,0,[0|0|0|0|0|0|0|0],0.6,0.3,0,0,0.7,0.4,0.10471976,0.13962634,0.3,0.05,[0|0|0|0|0|0|0|0|0|0|0|0|0|0|0|0|0|0|0|0|0|0|0|0],0,0.2,0.3,2,5,1,[0|0|0|0|0|0|0|0],0.05,0.1,0.3,0,0,0,0,0,0,0,0.01,0.00017453292,0.01,0.01,0.01,0.3,0,0,0,[0|0|0|0],0,0,[0|0|0|0|0|0|0|0],0.5,[0|0|0|0|0|0|0|0|0|0|0|0]
17020000,,0,1.75,0,0.2,0.3,0.15,0.3,[0|0|0|0|0|0|0|0|0|0|0|0],1,1.3962634,[0|0|0|0|0|0|0|0|0|0|0|0|0|0|0|0],0.3,0.1,0.99,0.5,2,[0|0|0|0],1,1,0.4,0.4,0.4,0.1,0.1,0.4,0.17453292,0.34906584,0.4,0.4,0.4,0.3,0,0,2,[0|0|0|0],0,1,2,1,0.3,-0.6981317,1.3962634,-0.5235988,0.5235988,-3.1415927,3.1415927,0.5,3,1.0471976,1.0471976,2.6179938,3.1415927,2.0943952,2.6179938,6.2831855,7.330383,1.0471976,0.06,0.1,0,0,[0|0|0|0|0|0|0|0],0.6,0.3,0,0,0.7,0.4,0.10471976,0.13962634,0.3,0.05,[0|0|0|0|0|0|0|0|0|0|0|0|0|0|0|0|0|0|0|0|0|0|0|0],0,0.2,0.3,2,5,1,[0|0|0|0|0|0|0|0],0.05,0.1,0.3,0,0,0,0,0,0,0,0.01,0.00017453292,0.01,0.01,0.01,0.3,0,0,0,[0|0|0|0],0,0,[0|0|0|0|0|0|0|0],0.5,[0|0|0|0|0|0|0|0|0|0|0|0]
17020001,,0,1.25,0,0.2,0.3,0.15,0.3,[0|0|0|0|0|0|0|0|0|0|0|0],1,1.3962634,[0|0|0|0|0|0|0|0|0|0|0|0|0|0|0|0],0.3,0.1,0.99,0.5,2,[0|0|0|0],1,1,0.4,0.4,0.4,0.1,0.1,0.4,0.17453292,0.34906584,0.4,0.4,0.4,0.3,0,0,2,[0|0|0|0],0,1,2,1,0.3,-0.6981317,1.3962634,-0.5235988,0.5235988,-3.1415927,3.1415927,0.5,3,1.0471976,1.0471976,2.6179938,3.1415927,2.0943952,2.6179938,6.2831855,7.330383,1.0471976,0.06,0.1,0,0,[0|0|0|0|0|0|0|0],0.6,0.3,0,0,0.7,0.4,0.10471976,0.13962634,0.3,0.05,[0|0|0|0|0|0|0|0|0|0|0|0|0|0|0|0|0|0|0|0|0|0|0|0],0,0.2,0.3,2,5,1,[0|0|0|0|0|0|0|0],0.05,0.1,0.3,0,0,0,0,0,0,0,0.01,0.00017453292,0.01,0.01,0.01,0.3,0,0,0,[0|0|0|0],0,0,[0|0|0|0|0|0|0|0],0.5,[0|0|0|0|0|0|0|0|0|0|0|0]
17020007,,0,1.25,0,0.2,0.3,0.15,0.3,[0|0|0|0|0|0|0|0|0|0|0|0],1,1.3962634,[0|0|0|0|0|0|0|0|0|0|0|0|0|0|0|0],0.3,0.1,0.99,0.5,2,[0|0|0|0],1,1,0.4,0.4,0.4,0.1,0.1,0.4,0.17453292,0.34906584,0.4,0.4,0.4,0.3,0,0,2,[0|0|0|0],0,1,2,1,0.3,-0.6981317,1.3962634,-0.5235988,0.5235988,-3.1415927,3.1415927,0.5,3,1.0471976,1.0471976,2.6179938,3.1415927,2.0943952,2.6179938,6.2831855,7.330383,1.0471976,0.06,0.1,0,0,[0|0|0|0|0|0|0|0],0.6,0.3,0,0,0.7,0.4,0.10471976,0.13962634,0.3,0.05,[0|0|0|0|0|0|0|0|0|0|0|0|0|0|0|0|0|0|0|0|0|0|0|0],0,0.2,0.3,2,5,1,[0|0|0|0|0|0|0|0],0.05,0.1,0.3,0,0,0,0,0,0,0,0.01,0.00017453292,0.01,0.01,0.01,0.3,0,0,0,[0|0|0|0],0,0,[0|0|0|0|0|0|0|0],0.5,[0|0|0|0|0|0|0|0|0|0|0|0]
