ID,Name,lockParamId0,camParamId0,beginTime0,endTime0,lockParamId1,camParamId1,beginTime1,endTime1,lockParamId2,camParamId2,beginTime2,endTime2,lockParamId3,camParamId3,beginTime3,endTime3,lockParamId4,camParamId4,beginTime4,endTime4,lockParamId5,camParamId5,beginTime5,endTime5,lockParamId6,camParamId6,beginTime6,endTime6,lockParamId7,camParamId7,beginTime7,endTime7,lockParamId8,camParamId8,beginTime8,endTime8,lockParamId9,camParamId9,beginTime9,endTime9,lockParamId10,camParamId10,beginTime10,endTime10,lockParamId11,camParamId11,beginTime11,endTime11,lockParamId12,camParamId12,beginTime12,endTime12,lockParamId13,camParamId13,beginTime13,endTime13,lockParamId14,camParamId14,beginTime14,endTime14,lockParamId15,camParamId15,beginTime15,endTime15,lockParamId16,camParamId16,beginTime16,endTime16,lockParamId17,camParamId17,beginTime17,endTime17,lockParamId18,camParamId18,beginTime18,endTime18,lockParamId19,camParamId19,beginTime19,endTime19,lockParamId20,camParamId20,beginTime20,endTime20,lockParamId21,camParamId21,beginTime21,endTime21,lockParamId22,camParamId22,beginTime22,endTime22,lockParamId23,camParamId23,beginTime23,endTime23,lockParamId24,camParamId24,beginTime24,endTime24,lockParamId25,camParamId25,beginTime25,endTime25,lockParamId26,camParamId26,beginTime26,endTime26,lockParamId27,camParamId27,beginTime27,endTime27,lockParamId28,camParamId28,beginTime28,endTime28,lockParamId29,camParamId29,beginTime29,endTime29,lockParamId30,camParamId30,beginTime30,endTime30,lockParamId31,camParamId31,beginTime31,endTime31,lockParamId32,camParamId32,beginTime32,endTime32,lockParamId33,camParamId33,beginTime33,endTime33,lockParamId34,camParamId34,beginTime34,endTime34,lockParamId35,camParamId35,beginTime35,endTime35,lockParamId36,camParamId36,beginTime36,endTime36,lockParamId37,camParamId37,beginTime37,endTime37,lockParamId38,camParamId38,beginTime38,endTime38,lockParamId39,camParamId39,beginTime39,endTime39,lockParamId40,camParamId40,beginTime40,endTime40,lockParamId41,camParamId41,beginTime41,endTime41,lockParamId42,camParamId42,beginTime42,endTime42,lockParamId43,camParamId43,beginTime43,endTime43,lockParamId44,camParamId44,beginTime44,endTime44,
0,,0,0,0,0,100,100,0.5,0.5,200,200,0.5,0.2,300,300,0.5,0.2,300,400,0.5,0.2,500,500,0.5,0.5,0,0,0.1,0.5,700,700,2,0.25,0,0,0.5,0.5,0,900,0.1,0.5,0,1000,0.1,0.5,0,0,0.5,0.5,0,0,0.5,0.5,0,0,0.5,0.5,0,0,0.5,0.5,0,0,0.5,0.5,0,1600,0.1,0.5,0,1700,0.1,0.5,0,1800,0.3,0.5,0,0,0.5,0.5,2000,2000,0.1,0.5,2000,2100,0.1,0.5,0,0,0.5,0.5,0,0,0.5,0.5,0,0,0.5,0.5,0,0,0.5,0.5,2600,2600,0.1,0.5,2700,2000,0.3,0.5,0,0,0.5,0.5,0,0,0.5,0.5,3000,3000,0.3,0.5,3000,3100,0.1,0.5,3200,3200,0.1,0.5,3200,3300,0.1,0.5,3400,3400,0.1,0.5,3400,3500,0.1,0.5,0,0,0,0,3700,3000,0.3,0.5,0,0,0,0,0,0,0,0,0,4000,0,1,0,0,0,0,0,0,0,0,4300,4300,0.1,0.5,4400,4400,0.1,0.5
1,,1,0,0,0,101,100,0.5,0.5,201,200,0.5,0.2,301,300,0.5,0.2,301,400,0.5,0.2,501,500,0.5,0.5,1,0,0.1,0.5,701,700,2,0.25,0,0,0.5,0.5,1,900,0.1,0.5,1,1000,0.1,0.5,0,0,0.5,0.5,0,0,0.5,0.5,0,0,0.5,0.5,0,0,0.5,0.5,0,0,0.5,0.5,1,1600,0.1,0.5,1,1700,0.1,0.5,1,1800,0.3,0.5,0,0,0.5,0.5,2000,2000,0.1,0.5,2000,2100,0.1,0.5,0,0,0.5,0.5,0,0,0.5,0.5,0,0,0.5,0.5,0,0,0.5,0.5,2600,2600,0.1,0.5,2700,2000,0.3,0.5,0,0,0.5,0.5,0,0,0.5,0.5,3000,3000,0.3,0.5,3000,3100,0.1,0.5,3200,3200,0.1,0.5,3200,3300,0.1,0.5,3400,3400,0.1,0.5,3400,3500,0.1,0.5,0,0,0,0,3700,3000,0.3,0.5,0,0,0,0,0,0,0,0,1,4000,0,1,0,0,0,0,0,0,0,0,4300,4300,0.1,0.5,4400,4400,0.1,0.5
2,,2,0,0,0,102,100,0.5,0.5,202,200,0.5,0.2,302,300,0.5,0.2,302,400,0.5,0.2,502,500,0.5,0.5,2,0,0.1,0.5,702,700,2,0.25,0,0,0.5,0.5,2,900,0.1,0.5,2,1000,0.1,0.5,0,0,0.5,0.5,0,0,0.5,0.5,0,0,0.5,0.5,0,0,0.5,0.5,0,0,0.5,0.5,2,1600,0.1,0.5,2,1700,0.1,0.5,2,1800,0.3,0.5,0,0,0.5,0.5,2000,2000,0.1,0.5,2000,2100,0.1,0.5,0,0,0.5,0.5,0,0,0.5,0.5,0,0,0.5,0.5,0,0,0.5,0.5,2600,2600,0.1,0.5,2700,2000,0.3,0.5,0,0,0.5,0.5,0,0,0.5,0.5,3000,3000,0.3,0.5,3000,3100,0.1,0.5,3200,3200,0.1,0.5,3200,3300,0.1,0.5,3400,3400,0.1,0.5,3400,3500,0.1,0.5,0,0,0,0,3700,3000,0.3,0.5,0,0,0,0,0,0,0,0,2,4000,0,1,0,0,0,0,0,0,0,0,4300,4300,0.1,0.5,4400,4400,0.1,0.5
3,,0,0,0,0,100,100,0.5,0.5,200,200,0.5,0.2,300,300,0.5,0.2,300,400,0.5,0.2,500,500,0.5,0.5,0,0,0.1,0.5,700,700,2,0.25,0,0,0.5,0.5,0,903,0.1,0.5,0,1000,0.1,0.5,0,0,0.5,0.5,0,0,0.5,0.5,0,0,0.5,0.5,0,0,0.5,0.5,0,0,0.5,0.5,0,1600,0.1,0.5,0,1703,0.1,0.5,0,1803,0.3,0.5,0,0,0.5,0.5,2000,2000,0.1,0.5,2000,2100,0.1,0.5,0,0,0.5,0.5,0,0,0.5,0.5,0,0,0.5,0.5,0,0,0.5,0.5,2600,2600,0.1,0.5,2700,2000,0.3,0.5,0,0,0.5,0.5,0,0,0.5,0.5,3000,3000,0.3,0.5,3000,3100,0.1,0.5,3200,3200,0.1,0.5,3200,3300,0.1,0.5,3400,3400,0.1,0.5,3400,3500,0.1,0.5,0,0,0,0,3700,3000,0.3,0.5,0,0,0,0,0,0,0,0,0,4000,0,1,0,0,0,0,0,0,0,0,4300,4300,0.1,0.5,4400,4400,0.1,0.5
4,,1,0,0,0,100,104,0.5,0.5,201,200,0.5,0.2,301,300,0.5,0.2,301,400,0.5,0.2,501,500,0.5,0.5,1,0,0.1,0.5,700,700,2,0.25,0,0,0.5,0.5,1,900,0.1,0.5,1,1000,0.1,0.5,0,0,0.5,0.5,0,0,0.5,0.5,0,0,0.5,0.5,0,0,0.5,0.5,0,0,0.5,0.5,1,1600,0.1,0.5,1,1700,0.1,0.5,1,1800,0.3,0.5,0,0,0.5,0.5,2000,2000,0.1,0.5,2000,2100,0.1,0.5,0,0,0.5,0.5,0,0,0.5,0.5,0,0,0.5,0.5,0,0,0.5,0.5,2600,2600,0.1,0.5,2700,2000,0.3,0.5,0,0,0.5,0.5,0,0,0.5,0.5,3000,3000,0.3,0.5,3000,3100,0.1,0.5,3200,3200,0.1,0.5,3200,3300,0.1,0.5,3400,3400,0.1,0.5,3400,3500,0.1,0.5,0,0,0,0,3700,3000,0.3,0.5,0,0,0,0,0,0,0,0,1,4000,0,1,0,0,0,0,0,0,0,0,4300,4300,0.1,0.5,4400,4400,0.1,0.5
10,,10,0,0,0,110,100,0.5,0.5,200,200,0.5,0.2,300,300,0.5,0.2,300,400,0.5,0.2,500,500,0.5,0.5,10,0,0.1,0.5,700,700,2,0.25,0,0,0.5,0.5,10,900,0.1,0.5,10,1000,0.1,0.5,0,0,0.5,0.5,0,0,0.5,0.5,0,0,0.5,0.5,0,0,0.5,0.5,0,0,0.5,0.5,10,1600,0.1,0.5,10,1700,0.1,0.5,10,1800,0.3,0.5,0,0,0.5,0.5,2000,2000,0.1,0.5,2000,2100,0.1,0.5,0,0,0.5,0.5,0,0,0.5,0.5,0,0,0.5,0.5,0,0,0.5,0.5,2600,2600,0.1,0.5,2700,2000,0.3,0.5,0,0,0.5,0.5,0,0,0.5,0.5,3000,3000,0.3,0.5,3000,3100,0.1,0.5,3200,3200,0.1,0.5,3200,3300,0.1,0.5,3400,3400,0.1,0.5,3400,3500,0.1,0.5,0,0,0,0,3700,3000,0.3,0.5,0,0,0,0,0,0,0,0,10,4000,0,1,0,0,0,0,0,0,0,0,4300,4300,0.1,0.5,4400,4400,0.1,0.5
20,,0,20,0,0,100,120,0.5,0.5,200,200,0.5,0.2,300,300,0.5,0.2,300,400,0.5,0.2,500,500,0.5,0.5,0,0,0.1,0.5,700,700,2,0.25,0,0,0.5,0.5,0,900,0.1,0.5,0,1000,0.1,0.5,0,0,0.5,0.5,0,0,0.5,0.5,0,0,0.5,0.5,0,0,0.5,0.5,0,0,0.5,0.5,0,1600,0.1,0.5,0,1700,0.1,0.5,0,1800,0.3,0.5,0,0,0.5,0.5,2000,2000,0.1,0.5,2000,2100,0.1,0.5,0,0,0.5,0.5,0,0,0.5,0.5,0,0,0.5,0.5,0,0,0.5,0.5,2600,2600,0.1,0.5,2700,2000,0.3,0.5,0,0,0.5,0.5,0,0,0.5,0.5,3000,3000,0.3,0.5,3000,3100,0.1,0.5,3200,3200,0.1,0.5,3200,3300,0.1,0.5,3400,3400,0.1,0.5,3400,3500,0.1,0.5,0,0,0,0,3700,3000,0.3,0.5,0,0,0,0,0,0,0,0,0,4000,0,1,0,0,0,0,0,0,0,0,4300,4300,0.1,0.5,4400,4400,0.1,0.5
1000000,,0,0,0,0,100,100,0.5,0.5,200,200,0.5,0.2,300,300,0.5,0.2,300,400,0.5,0.2,500,500,0.5,0.5,0,0,0.1,0.5,700,700,2,0.25,0,0,0.5,0.5,0,900,0.1,0.5,0,1000,0.1,0.5,0,0,0.5,0.5,0,0,0.5,0.5,0,0,0.5,0.5,0,0,0.5,0.5,0,0,0.5,0.5,0,1600,0.1,0.5,0,1700,0.1,0.5,0,1800,0.3,0.5,0,0,0.5,0.5,2000,2000,0.1,0.5,2000,2100,0.1,0.5,0,0,0.5,0.5,0,0,0.5,0.5,0,0,0.5,0.5,0,0,0.5,0.5,2600,2600,0.1,0.5,2700,2000,0.3,0.5,0,0,0.5,0.5,0,0,0.5,0.5,3000,3000,0.3,0.5,3000,3100,0.1,0.5,3200,3200,0.1,0.5,3200,3300,0.1,0.5,3400,3400,0.1,0.5,3400,3500,0.1,0.5,0,0,0,0,3700,3000,0.3,0.5,0,0,0,0,0,0,0,0,0,4000,0,1,0,0,0,0,0,0,0,0,4300,4300,0.1,0.5,4400,4400,0.1,0.5
1000001,,1,0,0,0,101,100,0.5,0.5,201,200,0.5,0.2,301,300,0.5,0.2,301,400,0.5,0.2,501,500,0.5,0.5,1,0,0.1,0.5,701,700,2,0.25,0,0,0.5,0.5,1,900,0.1,0.5,1,1000,0.1,0.5,0,0,0.5,0.5,0,0,0.5,0.5,0,0,0.5,0.5,0,0,0.5,0.5,0,0,0.5,0.5,1,1600,0.1,0.5,1,1700,0.1,0.5,1,1800,0.3,0.5,0,0,0.5,0.5,2000,2000,0.1,0.5,2000,2100,0.1,0.5,0,0,0.5,0.5,0,0,0.5,0.5,0,0,0.5,0.5,0,0,0.5,0.5,2600,2600,0.1,0.5,2700,2000,0.3,0.5,0,0,0.5,0.5,0,0,0.5,0.5,3000,3000,0.3,0.5,3000,3100,0.1,0.5,3200,3200,0.1,0.5,3200,3300,0.1,0.5,3400,3400,0.1,0.5,3400,3500,0.1,0.5,0,0,0,0,3700,3000,0.3,0.5,0,0,0,0,0,0,0,0,1,4000,0,1,0,0,0,0,0,0,0,0,4300,4300,0.1,0.5,4400,4400,0.1,0.5
1000002,,2,0,0,0,102,100,0.5,0.5,202,200,0.5,0.2,302,300,0.5,0.2,302,400,0.5,0.2,502,500,0.5,0.5,2,0,0.1,0.5,702,700,2,0.25,0,0,0.5,0.5,2,900,0.1,0.5,2,1000,0.1,0.5,0,0,0.5,0.5,0,0,0.5,0.5,0,0,0.5,0.5,0,0,0.5,0.5,0,0,0.5,0.5,2,1600,0.1,0.5,2,1700,0.1,0.5,2,1800,0.3,0.5,0,0,0.5,0.5,2000,2000,0.1,0.5,2000,2100,0.1,0.5,0,0,0.5,0.5,0,0,0.5,0.5,0,0,0.5,0.5,0,0,0.5,0.5,2600,2600,0.1,0.5,2700,2000,0.3,0.5,0,0,0.5,0.5,0,0,0.5,0.5,3000,3000,0.3,0.5,3000,3100,0.1,0.5,3200,3200,0.1,0.5,3200,3300,0.1,0.5,3400,3400,0.1,0.5,3400,3500,0.1,0.5,0,0,0,0,3700,3000,0.3,0.5,0,0,0,0,0,0,0,0,2,4000,0,1,0,0,0,0,0,0,0,0,4300,4300,0.1,0.5,4400,4400,0.1,0.5
1000003,,0,0,0,0,100,100,0.5,0.5,200,200,0.5,0.2,300,300,0.5,0.2,300,400,0.5,0.2,500,500,0.5,0.5,0,0,0.1,0.5,700,700,2,0.25,0,0,0.5,0.5,0,903,0.1,0.5,0,1000,0.1,0.5,0,0,0.5,0.5,0,0,0.5,0.5,0,0,0.5,0.5,0,0,0.5,0.5,0,0,0.5,0.5,0,1600,0.1,0.5,0,1703,0.1,0.5,0,1803,0.3,0.5,0,0,0.5,0.5,2000,2000,0.1,0.5,2000,2100,0.1,0.5,0,0,0.5,0.5,0,0,0.5,0.5,0,0,0.5,0.5,0,0,0.5,0.5,2600,2600,0.1,0.5,2700,2000,0.3,0.5,0,0,0.5,0.5,0,0,0.5,0.5,3000,3000,0.3,0.5,3000,3100,0.1,0.5,3200,3200,0.1,0.5,3200,3300,0.1,0.5,3400,3400,0.1,0.5,3400,3500,0.1,0.5,0,0,0,0,3700,3000,0.3,0.5,0,0,0,0,0,0,0,0,0,4000,0,1,0,0,0,0,0,0,0,0,4300,4300,0.1,0.5,4400,4400,0.1,0.5
1000031,,1,31,0,0,101,131,0.5,0.5,201,200,0.5,0.2,301,300,0.5,0.2,301,400,0.5,0.2,501,500,0.5,0.5,1,0,0.1,0.5,701,700,2,0.25,0,0,0.5,0.5,1,900,0.1,0.5,1,1000,0.1,0.5,0,0,0.5,0.5,0,0,0.5,0.5,0,0,0.5,0.5,0,0,0.5,0.5,0,0,0.5,0.5,1,1600,0.1,0.5,1,1700,0.1,0.5,1,1800,0.3,0.5,0,0,0.5,0.5,2000,2000,0.1,0.5,2000,2100,0.1,0.5,0,0,0.5,0.5,0,0,0.5,0.5,0,0,0.5,0.5,0,0,0.5,0.5,2600,2600,0.1,0.5,2700,2000,0.3,0.5,0,0,0.5,0.5,0,0,0.5,0.5,3000,3000,0.3,0.5,3000,3100,0.1,0.5,3200,3200,0.1,0.5,3200,3300,0.1,0.5,3400,3400,0.1,0.5,3400,3500,0.1,0.5,0,0,0,0,3700,3000,0.3,0.5,0,0,0,0,0,0,0,0,1,4000,0,1,0,0,0,0,0,0,0,0,4300,4300,0.1,0.5,4400,4400,0.1,0.5
1000500,,5090000,0,0,0,5090001,100,0.5,0.5,200,200,0.5,0.2,300,300,0.5,0.2,300,400,0.5,0.2,500,500,0.5,0.5,5090000,0,0.1,0.5,5090007,700,2,0.25,0,0,0.5,0.5,5090000,900,0.1,0.5,5090000,1000,0.1,0.5,0,0,0.5,0.5,0,0,0.5,0.5,0,0,0.5,0.5,0,0,0.5,0.5,0,0,0.5,0.5,5090000,1600,0.1,0.5,5090000,1700,0.1,0.5,5090000,1800,0.3,0.5,0,0,0.5,0.5,2000,2000,0.1,0.5,2000,2100,0.1,0.5,0,0,0.5,0.5,0,0,0.5,0.5,0,0,0.5,0.5,0,0,0.5,0.5,2600,2600,0.1,0.5,2700,2000,0.3,0.5,0,0,0.5,0.5,0,0,0.5,0.5,3000,3000,0.3,0.5,3000,3100,0.1,0.5,3200,3200,0.1,0.5,3200,3300,0.1,0.5,3400,3400,0.1,0.5,3400,3500,0.1,0.5,0,0,0,0,3700,3000,0.3,0.5,0,0,0,0,0,0,0,0,5090000,4000,0,1,0,0,0,0,0,0,0,0,4300,4300,0.1,0.5,4400,4400,0.1,0.5
1000501,,5090000,5090100,0,0,5090001,5090101,0.5,0.5,200,200,0.5,0.2,300,300,0.5,0.2,300,400,0.5,0.2,500,500,0.5,0.5,5090000,5090100,0.1,0.5,5090007,5090107,2,0.25,0,0,0.5,0.5,5090000,5090100,0.1,0.5,5090000,5090100,0.1,0.5,0,0,0.5,0.5,0,0,0.5,0.5,0,0,0.5,0.5,0,0,0.5,0.5,0,0,0.5,0.5,5090000,5090100,0.1,0.5,5090000,5090100,0.1,0.5,5090000,5090100,0.3,0.5,0,0,0.5,0.5,2000,2000,0.1,0.5,2000,2100,0.1,0.5,0,0,0.5,0.5,0,0,0.5,0.5,0,0,0.5,0.5,0,0,0.5,0.5,2600,2600,0.1,0.5,2700,2000,0.3,0.5,0,0,0.5,0.5,0,0,0.5,0.5,3000,3000,0.3,0.5,3000,3100,0.1,0.5,3200,3200,0.1,0.5,3200,3300,0.1,0.5,3400,3400,0.1,0.5,3400,3500,0.1,0.5,0,0,0,0,3700,3000,0.3,0.5,0,0,0,0,0,0,0,0,5090000,4000,0,1,0,0,0,0,0,0,0,0,4300,4300,0.1,0.5,4400,4400,0.1,0.5
1000510,,5061000,0,0,0,5061001,100,0.5,0.5,200,200,0.5,0.2,300,300,0.5,0.2,300,400,0.5,0.2,500,500,0.5,0.5,5061000,0,0.1,0.5,5061007,700,2,0.25,0,0,0.5,0.5,5061000,900,0.1,0.5,5061000,1000,0.1,0.5,0,0,0.5,0.5,0,0,0.5,0.5,0,0,0.5,0.5,0,0,0.5,0.5,0,0,0.5,0.5,5061000,1600,0.1,0.5,5061000,1700,0.1,0.5,5061000,1800,0.3,0.5,0,0,0.5,0.5,2000,2000,0.1,0.5,2000,2100,0.1,0.5,0,0,0.5,0.5,0,0,0.5,0.5,0,0,0.5,0.5,0,0,0.5,0.5,2600,2600,0.1,0.5,2700,2000,0.3,0.5,0,0,0.5,0.5,0,0,0.5,0.5,3000,3000,0.3,0.5,3000,3100,0.1,0.5,3200,3200,0.1,0.5,3200,3300,0.1,0.5,3400,3400,0.1,0.5,3400,3500,0.1,0.5,0,0,0,0,3700,3000,0.3,0.5,0,0,0,0,0,0,0,0,5061000,4000,0,1,0,0,0,0,0,0,0,0,4300,4300,0.1,0.5,4400,4400,0.1,0.5
1100000,,0,0,0,0,100,100,0.5,0.5,200,200,0.5,0.2,300,300,0.5,0.2,300,400,0.5,0.2,500,500,0.5,0.5,0,0,0.1,0.5,700,700,2,0.25,0,0,0.5,0.5,0,900,0.1,0.5,0,1000,0.1,0.5,0,0,0.5,0.5,0,0,0.5,0.5,0,0,0.5,0.5,0,0,0.5,0.5,0,0,0.5,0.5,0,1600,0.1,0.5,0,1700,0.1,0.5,0,1800,0.3,0.5,0,0,0.5,0.5,2000,2000,0.1,0.5,2000,2100,0.1,0.5,0,0,0.5,0.5,0,0,0.5,0.5,0,0,0.5,0.5,0,0,0.5,0.5,2600,2600,0.1,0.5,2700,2000,0.3,0.5,0,0,0.5,0.5,0,0,0.5,0.5,3000,3000,0.3,0.5,3000,3100,0.1,0.5,3200,3200,0.1,0.5,3200,3300,0.1,0.5,3400,3400,0.1,0.5,3400,3500,0.1,0.5,0,0,0,0,3700,3000,0.3,0.5,0,0,0,0,0,0,0,0,0,4000,0,1,0,0,0,0,0,0,0,0,4300,4300,0.1,0.5,4400,4400,0.1,0.5
1100001,,1,0,0,0,101,100,0.5,0.5,201,200,0.5,0.2,301,300,0.5,0.2,301,400,0.5,0.2,501,500,0.5,0.5,1,0,0.1,0.5,701,700,2,0.25,0,0,0.5,0.5,1,900,0.1,0.5,1,1000,0.1,0.5,0,0,0.5,0.5,0,0,0.5,0.5,0,0,0.5,0.5,0,0,0.5,0.5,0,0,0.5,0.5,1,1600,0.1,0.5,1,1700,0.1,0.5,1,1800,0.3,0.5,0,0,0.5,0.5,2000,2000,0.1,0.5,2000,2100,0.1,0.5,0,0,0.5,0.5,0,0,0.5,0.5,0,0,0.5,0.5,0,0,0.5,0.5,2600,2600,0.1,0.5,2700,2000,0.3,0.5,0,0,0.5,0.5,0,0,0.5,0.5,3000,3000,0.3,0.5,3000,3100,0.1,0.5,3200,3200,0.1,0.5,3200,3300,0.1,0.5,3400,3400,0.1,0.5,3400,3500,0.1,0.5,0,0,0,0,3700,3000,0.3,0.5,0,0,0,0,0,0,0,0,1,4000,0,1,0,0,0,0,0,0,0,0,4300,4300,0.1,0.5,4400,4400,0.1,0.5
1100002,,2,0,0,0,102,100,0.5,0.5,202,200,0.5,0.2,302,300,0.5,0.2,302,400,0.5,0.2,502,500,0.5,0.5,2,0,0.1,0.5,702,700,2,0.25,0,0,0.5,0.5,2,900,0.1,0.5,2,1000,0.1,0.5,0,0,0.5,0.5,0,0,0.5,0.5,0,0,0.5,0.5,0,0,0.5,0.5,0,0,0.5,0.5,2,1600,0.1,0.5,2,1700,0.1,0.5,2,1800,0.3,0.5,0,0,0.5,0.5,2000,2000,0.1,0.5,2000,2100,0.1,0.5,0,0,0.5,0.5,0,0,0.5,0.5,0,0,0.5,0.5,0,0,0.5,0.5,2600,2600,0.1,0.5,2700,2000,0.3,0.5,0,0,0.5,0.5,0,0,0.5,0.5,3000,3000,0.3,0.5,3000,3100,0.1,0.5,3200,3200,0.1,0.5,3200,3300,0.1,0.5,3400,3400,0.1,0.5,3400,3500,0.1,0.5,0,0,0,0,3700,3000,0.3,0.5,0,0,0,0,0,0,0,0,2,4000,0,1,0,0,0,0,0,0,0,0,4300,4300,0.1,0.5,4400,4400,0.1,0.5
1100003,,0,0,0,0,100,100,0.5,0.5,200,200,0.5,0.2,300,300,0.5,0.2,300,400,0.5,0.2,500,500,0.5,0.5,0,0,0.1,0.5,700,700,2,0.25,0,0,0.5,0.5,0,903,0.1,0.5,0,1000,0.1,0.5,0,0,0.5,0.5,0,0,0.5,0.5,0,0,0.5,0.5,0,0,0.5,0.5,0,0,0.5,0.5,0,1600,0.1,0.5,0,1703,0.1,0.5,0,1803,0.3,0.5,0,0,0.5,0.5,2000,2000,0.1,0.5,2000,2100,0.1,0.5,0,0,0.5,0.5,0,0,0.5,0.5,0,0,0.5,0.5,0,0,0.5,0.5,2600,2600,0.1,0.5,2700,2000,0.3,0.5,0,0,0.5,0.5,0,0,0.5,0.5,3000,3000,0.3,0.5,3000,3100,0.1,0.5,3200,3200,0.1,0.5,3200,3300,0.1,0.5,3400,3400,0.1,0.5,3400,3500,0.1,0.5,0,0,0,0,3700,3000,0.3,0.5,0,0,0,0,0,0,0,0,0,4000,0,1,0,0,0,0,0,0,0,0,4300,4300,0.1,0.5,4400,4400,0.1,0.5
1100200,,0,0,0,0,100,100,0.5,0.5,221,200,0.5,0.2,300,300,0.5,0.2,300,400,0.5,0.2,500,500,0.5,0.5,0,0,0.1,0.5,700,700,2,0.25,0,0,0.5,0.5,0,900,0.1,0.5,0,1000,0.1,0.5,0,0,0.5,0.5,0,0,0.5,0.5,0,0,0.5,0.5,0,0,0.5,0.5,0,0,0.5,0.5,0,1600,0.1,0.5,0,1700,0.1,0.5,0,1800,0.3,0.5,0,0,0.5,0.5,2000,2000,0.1,0.5,2000,2100,0.1,0.5,0,0,0.5,0.5,0,0,0.5,0.5,0,0,0.5,0.5,0,0,0.5,0.5,2600,2600,0.1,0.5,2700,2000,0.3,0.5,0,0,0.5,0.5,0,0,0.5,0.5,3000,3000,0.3,0.5,3000,3100,0.1,0.5,3200,3200,0.1,0.5,3200,3300,0.1,0.5,3400,3400,0.1,0.5,3400,3500,0.1,0.5,0,0,0,0,3700,3000,0.3,0.5,0,0,0,0,0,0,0,0,0,4000,0,1,0,0,0,0,0,0,0,0,4300,4300,0.1,0.5,4400,4400,0.1,0.5
1100201,,0,0,0,0,100,100,0.5,0.5,200,200,0.5,0.2,300,300,0.5,0.2,300,400,0.5,0.2,500,500,0.5,0.5,0,0,0.1,0.5,700,700,2,0.25,0,0,0.5,0.5,0,900,0.1,0.5,0,1000,0.1,0.5,0,0,0.5,0.5,0,0,0.5,0.5,0,0,0.5,0.5,0,0,0.5,0.5,0,0,0.5,0.5,0,1600,0.1,0.5,0,1700,0.1,0.5,0,1800,0.3,0.5,0,0,0.5,0.5,2000,2000,0.1,0.5,2000,2100,0.1,0.5,0,0,0.5,0.5,0,0,0.5,0.5,0,0,0.5,0.5,0,0,0.5,0.5,2600,2600,0.1,0.5,2700,2000,0.3,0.5,0,0,0.5,0.5,0,0,0.5,0.5,3000,3000,0.3,0.5,3000,3100,0.1,0.5,3200,3200,0.1,0.5,3200,3300,0.1,0.5,3400,3400,0.1,0.5,3400,3500,0.1,0.5,0,0,0,0,3700,3000,0.3,0.5,0,0,0,0,0,0,0,0,0,4000,0,1,0,0,0,0,0,0,0,0,4300,4300,0.1,0.5,4400,4400,0.1,0.5
1100500,,5080000,5080000,0,0,5080001,5080001,0.5,0.5,200,200,0.5,0.2,300,300,0.5,0.2,300,400,0.5,0.2,500,500,0.5,0.5,5080000,5080000,0.1,0.5,5080007,5080007,2,0.25,0,0,0.5,0.5,5080000,900,0.1,0.5,5080000,5080010,0.1,0.5,0,0,0.5,0.5,0,0,0.5,0.5,0,0,0.5,0.5,0,0,0.5,0.5,0,0,0.5,0.5,5080000,1600,0.1,0.5,5080000,1700,0.1,0.5,5080000,1800,0.3,0.5,0,0,0.5,0.5,2000,2000,0.1,0.5,2000,2100,0.1,0.5,0,0,0.5,0.5,0,0,0.5,0.5,0,0,0.5,0.5,0,0,0.5,0.5,2600,2600,0.1,0.5,2700,2000,0.3,0.5,0,0,0.5,0.5,0,0,0.5,0.5,3000,3000,0.3,0.5,3000,3100,0.1,0.5,3200,3200,0.1,0.5,3200,3300,0.1,0.5,3400,3400,0.1,0.5,3400,3500,0.1,0.5,0,0,0,0,3700,3000,0.3,0.5,0,0,0,0,0,0,0,0,5080000,4000,0,1,0,0,0,0,0,0,0,0,4300,4300,0.1,0.5,4400,4400,0.1,0.5
1100501,,5080100,5080000,0,0,5080101,5080001,0.5,0.5,200,200,0.5,0.2,300,300,0.5,0.2,300,400,0.5,0.2,500,500,0.5,0.5,5080100,5080000,0.1,0.5,5080107,5080007,2,0.25,0,0,0.5,0.5,5080100,900,0.1,0.5,5080100,5080010,0.1,0.5,0,0,0.5,0.5,0,0,0.5,0.5,0,0,0.5,0.5,0,0,0.5,0.5,0,0,0.5,0.5,5080100,1600,0.1,0.5,5080100,1700,0.1,0.5,5080100,1800,0.3,0.5,0,0,0.5,0.5,2000,2000,0.1,0.5,2000,2100,0.1,0.5,0,0,0.5,0.5,0,0,0.5,0.5,0,0,0.5,0.5,0,0,0.5,0.5,2600,2600,0.1,0.5,2700,2000,0.3,0.5,0,0,0.5,0.5,0,0,0.5,0.5,3000,3000,0.3,0.5,3000,3100,0.1,0.5,3200,3200,0.1,0.5,3200,3300,0.1,0.5,3400,3400,0.1,0.5,3400,3500,0.1,0.5,0,0,0,0,3700,3000,0.3,0.5,0,0,0,0,0,0,0,0,5080100,4000,0,1,0,0,0,0,0,0,0,0,4300,4300,0.1,0.5,4400,4400,0.1,0.5
1100502,,5080200,5080000,0,0,5080201,5080001,0.5,0.5,200,200,0.5,0.2,300,300,0.5,0.2,300,400,0.5,0.2,500,500,0.5,0.5,5080200,5080000,0.1,0.5,5080207,5080007,2,0.25,0,0,0.5,0.5,5080200,900,0.1,0.5,5080200,5080010,0.1,0.5,0,0,0.5,0.5,0,0,0.5,0.5,0,0,0.5,0.5,0,0,0.5,0.5,0,0,0.5,0.5,5080200,1600,0.1,0.5,5080200,1700,0.1,0.5,5080200,1800,0.3,0.5,0,0,0.5,0.5,2000,2000,0.1,0.5,2000,2100,0.1,0.5,0,0,0.5,0.5,0,0,0.5,0.5,0,0,0.5,0.5,0,0,0.5,0.5,2600,2600,0.1,0.5,2700,2000,0.3,0.5,0,0,0.5,0.5,0,0,0.5,0.5,3000,3000,0.3,0.5,3000,3100,0.1,0.5,3200,3200,0.1,0.5,3200,3300,0.1,0.5,3400,3400,0.1,0.5,3400,3500,0.1,0.5,0,0,0,0,3700,3000,0.3,0.5,0,0,0,0,0,0,0,0,5080200,4000,0,1,0,0,0,0,0,0,0,0,4300,4300,0.1,0.5,4400,4400,0.1,0.5
1100510,,7020000,7020000,0,0,7020001,7020001,0.5,0.5,200,200,0.5,0.2,300,300,0.5,0.2,300,400,0.5,0.2,500,500,0.5,0.5,7020000,7020000,0.1,0.5,7020007,7020007,2,0.25,0,0,0.5,0.5,7020000,7020000,0.1,0.5,7020000,7020000,0.1,0.5,0,0,0.5,0.5,0,0,0.5,0.5,0,0,0.5,0.5,0,0,0.5,0.5,0,0,0.5,0.5,7020000,7020000,0.1,0.5,7020000,7020000,0.1,0.5,7020000,7020000,0.3,0.5,0,0,0.5,0.5,2000,2000,0.1,0.5,2000,2100,0.1,0.5,0,0,0.5,0.5,0,0,0.5,0.5,0,0,0.5,0.5,0,0,0.5,0.5,2600,2600,0.1,0.5,2700,2000,0.3,0.5,0,0,0.5,0.5,0,0,0.5,0.5,3000,3000,0.3,0.5,3000,3100,0.1,0.5,3200,3200,0.1,0.5,3200,3300,0.1,0.5,3400,3400,0.1,0.5,3400,3500,0.1,0.5,0,0,0,0,3700,3000,0.3,0.5,0,0,0,0,0,0,0,0,7020000,4000,0,1,0,0,0,0,0,0,0,0,4300,4300,0.1,0.5,4400,4400,0.1,0.5
1100511,,7020100,7020000,0,0,7020101,7020001,0.5,0.5,200,200,0.5,0.2,300,300,0.5,0.2,300,400,0.5,0.2,500,500,0.5,0.5,7020100,7020000,0.1,0.5,7020107,7020007,2,0.25,0,0,0.5,0.5,7020100,7020000,0.1,0.5,7020100,7020000,0.1,0.5,0,0,0.5,0.5,0,0,0.5,0.5,0,0,0.5,0.5,0,0,0.5,0.5,0,0,0.5,0.5,7020100,7020000,0.1,0.5,7020100,7020000,0.1,0.5,7020100,7020000,0.3,0.5,0,0,0.5,0.5,2000,2000,0.1,0.5,2000,2100,0.1,0.5,0,0,0.5,0.5,0,0,0.5,0.5,0,0,0.5,0.5,0,0,0.5,0.5,2600,2600,0.1,0.5,2700,2000,0.3,0.5,0,0,0.5,0.5,0,0,0.5,0.5,3000,3000,0.3,0.5,3000,3100,0.1,0.5,3200,3200,0.1,0.5,3200,3300,0.1,0.5,3400,3400,0.1,0.5,3400,3500,0.1,0.5,0,0,0,0,3700,3000,0.3,0.5,0,0,0,0,0,0,0,0,7020100,4000,0,1,0,0,0,0,0,0,0,0,4300,4300,0.1,0.5,4400,4400,0.1,0.5
1100512,,7020200,7020000,0,0,7020201,7020001,0.5,0.5,200,200,0.5,0.2,300,300,0.5,0.2,300,400,0.5,0.2,500,500,0.5,0.5,7020200,7020000,0.1,0.5,7020207,7020007,2,0.25,0,0,0.5,0.5,7020200,7020000,0.1,0.5,7020200,7020000,0.1,0.5,0,0,0.5,0.5,0,0,0.5,0.5,0,0,0.5,0.5,0,0,0.5,0.5,0,0,0.5,0.5,7020200,7020000,0.1,0.5,7020200,7020000,0.1,0.5,7020200,7020000,0.3,0.5,0,0,0.5,0.5,2000,2000,0.1,0.5,2000,2100,0.1,0.5,0,0,0.5,0.5,0,0,0.5,0.5,0,0,0.5,0.5,0,0,0.5,0.5,2600,2600,0.1,0.5,2700,2000,0.3,0.5,0,0,0.5,0.5,0,0,0.5,0.5,3000,3000,0.3,0.5,3000,3100,0.1,0.5,3200,3200,0.1,0.5,3200,3300,0.1,0.5,3400,3400,0.1,0.5,3400,3500,0.1,0.5,0,0,0,0,3700,3000,0.3,0.5,0,0,0,0,0,0,0,0,7020200,4000,0,1,0,0,0,0,0,0,0,0,4300,4300,0.1,0.5,4400,4400,0.1,0.5
1100513,,7020300,7020000,0,0,7020301,7020001,0.5,0.5,200,200,0.5,0.2,300,300,0.5,0.2,300,400,0.5,0.2,500,500,0.5,0.5,7020300,7020000,0.1,0.5,7020307,7020007,2,0.25,0,0,0.5,0.5,7020300,7020000,0.1,0.5,7020300,7020000,0.1,0.5,0,0,0.5,0.5,0,0,0.5,0.5,0,0,0.5,0.5,0,0,0.5,0.5,0,0,0.5,0.5,7020300,7020000,0.1,0.5,7020300,7020000,0.1,0.5,7020300,7020000,0.3,0.5,0,0,0.5,0.5,2000,2000,0.1,0.5,2000,2100,0.1,0.5,0,0,0.5,0.5,0,0,0.5,0.5,0,0,0.5,0.5,0,0,0.5,0.5,2600,2600,0.1,0.5,2700,2000,0.3,0.5,0,0,0.5,0.5,0,0,0.5,0.5,3000,3000,0.3,0.5,3000,3100,0.1,0.5,3200,3200,0.1,0.5,3200,3300,0.1,0.5,3400,3400,0.1,0.5,3400,3500,0.1,0.5,0,0,0,0,3700,3000,0.3,0.5,0,0,0,0,0,0,0,0,7020300,4000,0,1,0,0,0,0,0,0,0,0,4300,4300,0.1,0.5,4400,4400,0.1,0.5
1101000,,0,0,0,0,100,100,0.5,0.5,200,200,0.5,0.2,300,300,0.5,0.2,300,400,0.5,0.2,500,500,0.5,0.5,0,0,0.1,0.5,700,700,2,0.25,0,0,0.5,0.5,0,900,0.1,0.5,0,1000,0.1,0.5,0,0,0.5,0.5,0,0,0.5,0.5,0,0,0.5,0.5,0,0,0.5,0.5,0,0,0.5,0.5,0,1600,0.1,0.5,0,1700,0.1,0.5,0,1800,0.3,0.5,0,0,0.5,0.5,2000,2000,0.1,0.5,2000,2100,0.1,0.5,0,0,0.5,0.5,0,0,0.5,0.5,0,0,0.5,0.5,0,0,0.5,0.5,2600,2600,0.1,0.5,2700,2000,0.3,0.5,0,0,0.5,0.5,0,0,0.5,0.5,3000,3000,0.3,0.5,3000,3100,0.1,0.5,3200,3200,0.1,0.5,3200,3300,0.1,0.5,3400,3400,0.1,0.5,3400,3500,0.1,0.5,0,0,0,0,3700,3000,0.3,0.5,0,0,0,0,0,0,0,0,0,4000,0,1,0,0,0,0,0,0,0,0,4300,4300,0.1,0.5,4400,4400,0.1,0.5
1101001,,1,0,0,0,101,100,0.5,0.5,201,200,0.5,0.2,301,300,0.5,0.2,301,400,0.5,0.2,501,500,0.5,0.5,1,0,0.1,0.5,701,700,2,0.25,0,0,0.5,0.5,1,900,0.1,0.5,1,1000,0.1,0.5,0,0,0.5,0.5,0,0,0.5,0.5,0,0,0.5,0.5,0,0,0.5,0.5,0,0,0.5,0.5,1,1600,0.1,0.5,1,1700,0.1,0.5,1,1800,0.3,0.5,0,0,0.5,0.5,2000,2000,0.1,0.5,2000,2100,0.1,0.5,0,0,0.5,0.5,0,0,0.5,0.5,0,0,0.5,0.5,0,0,0.5,0.5,2600,2600,0.1,0.5,2700,2000,0.3,0.5,0,0,0.5,0.5,0,0,0.5,0.5,3000,3000,0.3,0.5,3000,3100,0.1,0.5,3200,3200,0.1,0.5,3200,3300,0.1,0.5,3400,3400,0.1,0.5,3400,3500,0.1,0.5,0,0,0,0,3700,3000,0.3,0.5,0,0,0,0,0,0,0,0,1,4000,0,1,0,0,0,0,0,0,0,0,4300,4300,0.1,0.5,4400,4400,0.1,0.5
1101002,,2,0,0,0,102,100,0.5,0.5,202,200,0.5,0.2,302,300,0.5,0.2,302,400,0.5,0.2,502,500,0.5,0.5,2,0,0.1,0.5,702,700,2,0.25,0,0,0.5,0.5,2,900,0.1,0.5,2,1000,0.1,0.5,0,0,0.5,0.5,0,0,0.5,0.5,0,0,0.5,0.5,0,0,0.5,0.5,0,0,0.5,0.5,2,1600,0.1,0.5,2,1700,0.1,0.5,2,1800,0.3,0.5,0,0,0.5,0.5,2000,2000,0.1,0.5,2000,2100,0.1,0.5,0,0,0.5,0.5,0,0,0.5,0.5,0,0,0.5,0.5,0,0,0.5,0.5,2600,2600,0.1,0.5,2700,2000,0.3,0.5,0,0,0.5,0.5,0,0,0.5,0.5,3000,3000,0.3,0.5,3000,3100,0.1,0.5,3200,3200,0.1,0.5,3200,3300,0.1,0.5,3400,3400,0.1,0.5,3400,3500,0.1,0.5,0,0,0,0,3700,3000,0.3,0.5,0,0,0,0,0,0,0,0,2,4000,0,1,0,0,0,0,0,0,0,0,4300,4300,0.1,0.5,4400,4400,0.1,0.5
1101003,,0,0,0,0,100,100,0.5,0.5,200,200,0.5,0.2,300,300,0.5,0.2,300,400,0.5,0.2,500,500,0.5,0.5,0,0,0.1,0.5,700,700,2,0.25,0,0,0.5,0.5,0,903,0.1,0.5,0,1000,0.1,0.5,0,0,0.5,0.5,0,0,0.5,0.5,0,0,0.5,0.5,0,0,0.5,0.5,0,0,0.5,0.5,0,1600,0.1,0.5,0,1703,0.1,0.5,0,1803,0.3,0.5,0,0,0.5,0.5,2000,2000,0.1,0.5,2000,2100,0.1,0.5,0,0,0.5,0.5,0,0,0.5,0.5,0,0,0.5,0.5,0,0,0.5,0.5,2600,2600,0.1,0.5,2700,2000,0.3,0.5,0,0,0.5,0.5,0,0,0.5,0.5,3000,3000,0.3,0.5,3000,3100,0.1,0.5,3200,3200,0.1,0.5,3200,3300,0.1,0.5,3400,3400,0.1,0.5,3400,3500,0.1,0.5,0,0,0,0,3700,3000,0.3,0.5,0,0,0,0,0,0,0,0,0,4000,0,1,0,0,0,0,0,0,0,0,4300,4300,0.1,0.5,4400,4400,0.1,0.5
1101020,,0,20,0,0,100,120,0.5,0.5,200,200,0.5,0.2,300,300,0.5,0.2,300,400,0.5,0.2,500,500,0.5,0.5,0,0,0.1,0.5,700,700,2,0.25,0,0,0.5,0.5,0,900,0.1,0.5,0,1000,0.1,0.5,0,0,0.5,0.5,0,0,0.5,0.5,0,0,0.5,0.5,0,0,0.5,0.5,0,0,0.5,0.5,0,1600,0.1,0.5,0,1700,0.1,0.5,0,1800,0.3,0.5,0,0,0.5,0.5,2000,2000,0.1,0.5,2000,2100,0.1,0.5,0,0,0.5,0.5,0,0,0.5,0.5,0,0,0.5,0.5,0,0,0.5,0.5,2600,2600,0.1,0.5,2700,2000,0.3,0.5,0,0,0.5,0.5,0,0,0.5,0.5,3000,3000,0.3,0.5,3000,3100,0.1,0.5,3200,3200,0.1,0.5,3200,3300,0.1,0.5,3400,3400,0.1,0.5,3400,3500,0.1,0.5,0,0,0,0,3700,3000,0.3,0.5,0,0,0,0,0,0,0,0,0,4000,0,1,0,0,0,0,0,0,0,0,4300,4300,0.1,0.5,4400,4400,0.1,0.5
1101500,,7100000,0,0,0,7100001,100,0.5,0.5,200,200,0.5,0.2,300,300,0.5,0.2,300,400,0.5,0.2,500,500,0.5,0.5,7100000,0,0.1,0.5,7100007,700,2,0.25,0,0,0.5,0.5,7100000,900,0.1,0.5,7100000,1000,0.1,0.5,0,0,0.5,0.5,0,0,0.5,0.5,0,0,0.5,0.5,0,0,0.5,0.5,0,0,0.5,0.5,7100000,1600,0.1,0.5,7100000,1700,0.1,0.5,7100000,1800,0.3,0.5,0,0,0.5,0.5,2000,2000,0.1,0.5,2000,2100,0.1,0.5,0,0,0.5,0.5,0,0,0.5,0.5,0,0,0.5,0.5,0,0,0.5,0.5,2600,2600,0.1,0.5,2700,2000,0.3,0.5,0,0,0.5,0.5,0,0,0.5,0.5,3000,3000,0.3,0.5,3000,3100,0.1,0.5,3200,3200,0.1,0.5,3200,3300,0.1,0.5,3400,3400,0.1,0.5,3400,3500,0.1,0.5,0,0,0,0,3700,3000,0.3,0.5,0,0,0,0,0,0,0,0,7100000,4000,0,1,0,0,0,0,0,0,0,0,4300,4300,0.1,0.5,4400,4400,0.1,0.5
1101501,,7100100,0,0,0,7100101,100,0.5,0.5,200,200,0.5,0.2,300,300,0.5,0.2,300,400,0.5,0.2,500,500,0.5,0.5,7100100,0,0.1,0.5,7100107,700,2,0.25,0,0,0.5,0.5,7100100,900,0.1,0.5,7100100,1000,0.1,0.5,0,0,0.5,0.5,0,0,0.5,0.5,0,0,0.5,0.5,0,0,0.5,0.5,0,0,0.5,0.5,7100100,1600,0.1,0.5,7100100,1700,0.1,0.5,7100100,1800,0.3,0.5,0,0,0.5,0.5,2000,2000,0.1,0.5,2000,2100,0.1,0.5,0,0,0.5,0.5,0,0,0.5,0.5,0,0,0.5,0.5,0,0,0.5,0.5,2600,2600,0.1,0.5,2700,2000,0.3,0.5,0,0,0.5,0.5,0,0,0.5,0.5,3000,3000,0.3,0.5,3000,3100,0.1,0.5,3200,3200,0.1,0.5,3200,3300,0.1,0.5,3400,3400,0.1,0.5,3400,3500,0.1,0.5,0,0,0,0,3700,3000,0.3,0.5,0,0,0,0,0,0,0,0,7100100,4000,0,1,0,0,0,0,0,0,0,0,4300,4300,0.1,0.5,4400,4400,0.1,0.5
1101510,,5400000,0,0,0,5400001,100,0.5,0.5,200,200,0.5,0.2,300,300,0.5,0.2,300,400,0.5,0.2,500,500,0.5,0.5,5400000,0,0.1,0.5,5400007,700,2,0.25,0,0,0.5,0.5,5400000,900,0.1,0.5,5400000,1000,0.1,0.5,0,0,0.5,0.5,0,0,0.5,0.5,0,0,0.5,0.5,0,0,0.5,0.5,0,0,0.5,0.5,5400000,1600,0.1,0.5,5400000,1700,0.1,0.5,5400000,1800,0.3,0.5,0,0,0.5,0.5,2000,2000,0.1,0.5,2000,2100,0.1,0.5,0,0,0.5,0.5,0,0,0.5,0.5,0,0,0.5,0.5,0,0,0.5,0.5,2600,2600,0.1,0.5,2700,2000,0.3,0.5,0,0,0.5,0.5,0,0,0.5,0.5,3000,3000,0.3,0.5,3000,3100,0.1,0.5,3200,3200,0.1,0.5,3200,3300,0.1,0.5,3400,3400,0.1,0.5,3400,3500,0.1,0.5,0,0,0,0,3700,3000,0.3,0.5,0,0,0,0,0,0,0,0,5400000,4000,0,1,0,0,0,0,0,0,0,0,4300,4300,0.1,0.5,4400,4400,0.1,0.5
1101520,,5060000,0,0,0,5060001,100,0.5,0.5,200,200,0.5,0.2,300,300,0.5,0.2,300,400,0.5,0.2,500,500,0.5,0.5,5060000,0,0.1,0.5,5060007,700,2,0.25,0,0,0.5,0.5,5060000,900,0.1,0.5,5060000,1000,0.1,0.5,0,0,0.5,0.5,0,0,0.5,0.5,0,0,0.5,0.5,0,0,0.5,0.5,0,0,0.5,0.5,5060000,1600,0.1,0.5,5060000,1700,0.1,0.5,5060000,1800,0.3,0.5,0,0,0.5,0.5,2000,2000,0.1,0.5,2000,2100,0.1,0.5,0,0,0.5,0.5,0,0,0.5,0.5,0,0,0.5,0.5,0,0,0.5,0.5,2600,2600,0.1,0.5,2700,2000,0.3,0.5,0,0,0.5,0.5,0,0,0.5,0.5,3000,3000,0.3,0.5,3000,3100,0.1,0.5,3200,3200,0.1,0.5,3200,3300,0.1,0.5,3400,3400,0.1,0.5,3400,3500,0.1,0.5,0,0,0,0,3700,3000,0.3,0.5,0,0,0,0,0,0,0,0,5060000,4000,0,1,0,0,0,0,0,0,0,0,4300,4300,0.1,0.5,4400,4400,0.1,0.5
1101530,,7400000,0,0,0,7400001,100,0.5,0.5,200,200,0.5,0.2,300,300,0.5,0.2,300,400,0.5,0.2,500,500,0.5,0.5,7400000,0,0.1,0.5,7400007,700,2,0.25,0,0,0.5,0.5,7400000,900,0.1,0.5,7400000,1000,0.1,0.5,0,0,0.5,0.5,0,0,0.5,0.5,0,0,0.5,0.5,0,0,0.5,0.5,0,0,0.5,0.5,7400000,1600,0.1,0.5,7400000,1700,0.1,0.5,7400000,1800,0.3,0.5,0,0,0.5,0.5,2000,2000,0.1,0.5,2000,2100,0.1,0.5,0,0,0.5,0.5,0,0,0.5,0.5,0,0,0.5,0.5,0,0,0.5,0.5,2600,2600,0.1,0.5,2700,2000,0.3,0.5,0,0,0.5,0.5,0,0,0.5,0.5,3000,3000,0.3,0.5,3000,3100,0.1,0.5,3200,3200,0.1,0.5,3200,3300,0.1,0.5,3400,3400,0.1,0.5,3400,3500,0.1,0.5,0,0,0,0,3700,3000,0.3,0.5,0,0,0,0,0,0,0,0,7400000,4000,0,1,0,0,0,0,0,0,0,0,4300,4300,0.1,0.5,4400,4400,0.1,0.5
1102000,,0,0,0,0,100,100,0.5,0.5,200,200,0.5,0.2,300,300,0.5,0.2,300,400,0.5,0.2,500,500,0.5,0.5,0,0,0.1,0.5,700,700,2,0.25,0,0,0.5,0.5,0,900,0.1,0.5,0,1000,0.1,0.5,0,0,0.5,0.5,0,0,0.5,0.5,0,0,0.5,0.5,0,0,0.5,0.5,0,0,0.5,0.5,0,1600,0.1,0.5,0,1700,0.1,0.5,0,1800,0.3,0.5,0,0,0.5,0.5,2000,2000,0.1,0.5,2000,2100,0.1,0.5,0,0,0.5,0.5,0,0,0.5,0.5,0,0,0.5,0.5,0,0,0.5,0.5,2600,2600,0.1,0.5,2700,2000,0.3,0.5,0,0,0.5,0.5,0,0,0.5,0.5,3000,3000,0.3,0.5,3000,3100,0.1,0.5,3200,3200,0.1,0.5,3200,3300,0.1,0.5,3400,3400,0.1,0.5,3400,3500,0.1,0.5,0,0,0,0,3700,3000,0.3,0.5,0,0,0,0,0,0,0,0,0,4000,0,1,0,0,0,0,0,0,0,0,4300,4300,0.1,0.5,4400,4400,0.1,0.5
1102001,,1,0,0,0,101,100,0.5,0.5,201,200,0.5,0.2,301,300,0.5,0.2,301,400,0.5,0.2,501,500,0.5,0.5,1,0,0.1,0.5,701,700,2,0.25,0,0,0.5,0.5,1,900,0.1,0.5,1,1000,0.1,0.5,0,0,0.5,0.5,0,0,0.5,0.5,0,0,0.5,0.5,0,0,0.5,0.5,0,0,0.5,0.5,1,1600,0.1,0.5,1,1700,0.1,0.5,1,1800,0.3,0.5,0,0,0.5,0.5,2000,2000,0.1,0.5,2000,2100,0.1,0.5,0,0,0.5,0.5,0,0,0.5,0.5,0,0,0.5,0.5,0,0,0.5,0.5,2600,2600,0.1,0.5,2700,2000,0.3,0.5,0,0,0.5,0.5,0,0,0.5,0.5,3000,3000,0.3,0.5,3000,3100,0.1,0.5,3200,3200,0.1,0.5,3200,3300,0.1,0.5,3400,3400,0.1,0.5,3400,3500,0.1,0.5,0,0,0,0,3700,3000,0.3,0.5,0,0,0,0,0,0,0,0,1,4000,0,1,0,0,0,0,0,0,0,0,4300,4300,0.1,0.5,4400,4400,0.1,0.5
1102002,,2,0,0,0,102,100,0.5,0.5,202,200,0.5,0.2,302,300,0.5,0.2,302,400,0.5,0.2,502,500,0.5,0.5,2,0,0.1,0.5,702,700,2,0.25,0,0,0.5,0.5,2,900,0.1,0.5,2,1000,0.1,0.5,0,0,0.5,0.5,0,0,0.5,0.5,0,0,0.5,0.5,0,0,0.5,0.5,0,0,0.5,0.5,2,1600,0.1,0.5,2,1700,0.1,0.5,2,1800,0.3,0.5,0,0,0.5,0.5,2000,2000,0.1,0.5,2000,2100,0.1,0.5,0,0,0.5,0.5,0,0,0.5,0.5,0,0,0.5,0.5,0,0,0.5,0.5,2600,2600,0.1,0.5,2700,2000,0.3,0.5,0,0,0.5,0.5,0,0,0.5,0.5,3000,3000,0.3,0.5,3000,3100,0.1,0.5,3200,3200,0.1,0.5,3200,3300,0.1,0.5,3400,3400,0.1,0.5,3400,3500,0.1,0.5,0,0,0,0,3700,3000,0.3,0.5,0,0,0,0,0,0,0,0,2,4000,0,1,0,0,0,0,0,0,0,0,4300,4300,0.1,0.5,4400,4400,0.1,0.5
1102003,,0,0,0,0,100,100,0.5,0.5,200,200,0.5,0.2,300,300,0.5,0.2,300,400,0.5,0.2,500,500,0.5,0.5,0,0,0.1,0.5,700,700,2,0.25,0,0,0.5,0.5,0,903,0.1,0.5,0,1000,0.1,0.5,0,0,0.5,0.5,0,0,0.5,0.5,0,0,0.5,0.5,0,0,0.5,0.5,0,0,0.5,0.5,0,1600,0.1,0.5,0,1703,0.1,0.5,0,1803,0.3,0.5,0,0,0.5,0.5,2000,2000,0.1,0.5,2000,2100,0.1,0.5,0,0,0.5,0.5,0,0,0.5,0.5,0,0,0.5,0.5,0,0,0.5,0.5,2600,2600,0.1,0.5,2700,2000,0.3,0.5,0,0,0.5,0.5,0,0,0.5,0.5,3000,3000,0.3,0.5,3000,3100,0.1,0.5,3200,3200,0.1,0.5,3200,3300,0.1,0.5,3400,3400,0.1,0.5,3400,3500,0.1,0.5,0,0,0,0,3700,3000,0.3,0.5,0,0,0,0,0,0,0,0,0,4000,0,1,0,0,0,0,0,0,0,0,4300,4300,0.1,0.5,4400,4400,0.1,0.5
1102300,,0,0,0,0,100,100,0.5,0.5,200,200,0.5,0.2,300,300,0.5,0.2,300,400,0.5,0.2,521,521,3,0.5,0,0,0.1,0.5,700,700,2,0.25,0,0,0.5,0.5,0,900,0.1,0.5,0,1000,0.1,0.5,0,0,0.5,0.5,0,0,0.5,0.5,0,0,0.5,0.5,0,0,0.5,0.5,0,0,0.5,0.5,0,1600,0.1,0.5,0,1700,0.1,0.5,0,1800,0.3,0.5,0,0,0.5,0.5,2000,2000,0.1,0.5,2000,2100,0.1,0.5,0,0,0.5,0.5,0,0,0.5,0.5,0,0,0.5,0.5,0,0,0.5,0.5,2600,2600,0.1,0.5,2700,2000,0.3,0.5,0,0,0.5,0.5,0,0,0.5,0.5,3000,3000,0.3,0.5,3000,3100,0.1,0.5,3200,3200,0.1,0.5,3200,3300,0.1,0.5,3400,3400,0.1,0.5,3400,3500,0.1,0.5,0,0,0,0,3700,3000,0.3,0.5,0,0,0,0,0,0,0,0,0,4000,0,1,0,0,0,0,0,0,0,0,4300,4300,0.1,0.5,4400,4400,0.1,0.5
1102500,,7100500,0,0,0,7100501,100,0.5,0.5,200,200,0.5,0.2,300,300,0.5,0.2,300,400,0.5,0.2,500,500,0.5,0.5,7100500,0,0.1,0.5,7100507,700,2,0.25,0,0,0.5,0.5,7100500,900,0.1,0.5,7100500,1000,0.1,0.5,0,0,0.5,0.5,0,0,0.5,0.5,0,0,0.5,0.5,0,0,0.5,0.5,0,0,0.5,0.5,7100500,1600,0.1,0.5,7100500,1700,0.1,0.5,7100500,1800,0.3,0.5,0,0,0.5,0.5,2000,2000,0.1,0.5,2000,2100,0.1,0.5,0,0,0.5,0.5,0,0,0.5,0.5,0,0,0.5,0.5,0,0,0.5,0.5,2600,2600,0.1,0.5,2700,2000,0.3,0.5,0,0,0.5,0.5,0,0,0.5,0.5,3000,3000,0.3,0.5,3000,3100,0.1,0.5,3200,3200,0.1,0.5,3200,3300,0.1,0.5,3400,3400,0.1,0.5,3400,3500,0.1,0.5,0,0,0,0,3700,3000,0.3,0.5,0,0,0,0,0,0,0,0,7100500,4000,0,1,0,0,0,0,0,0,0,0,4300,4300,0.1,0.5,4400,4400,0.1,0.5
1102501,,7100600,0,0,0,7100601,100,0.5,0.5,200,200,0.5,0.2,300,300,0.5,0.2,300,400,0.5,0.2,500,500,0.5,0.5,7100600,0,0.1,0.5,7100607,700,2,0.25,0,0,0.5,0.5,7100600,900,0.1,0.5,7100600,1000,0.1,0.5,0,0,0.5,0.5,0,0,0.5,0.5,0,0,0.5,0.5,0,0,0.5,0.5,0,0,0.5,0.5,7100600,1600,0.1,0.5,7100600,1700,0.1,0.5,7100600,1800,0.3,0.5,0,0,0.5,0.5,2000,2000,0.1,0.5,2000,2100,0.1,0.5,0,0,0.5,0.5,0,0,0.5,0.5,0,0,0.5,0.5,0,0,0.5,0.5,2600,2600,0.1,0.5,2700,2000,0.3,0.5,0,0,0.5,0.5,0,0,0.5,0.5,3000,3000,0.3,0.5,3000,3100,0.1,0.5,3200,3200,0.1,0.5,3200,3300,0.1,0.5,3400,3400,0.1,0.5,3400,3500,0.1,0.5,0,0,0,0,3700,3000,0.3,0.5,0,0,0,0,0,0,0,0,7100600,4000,0,1,0,0,0,0,0,0,0,0,4300,4300,0.1,0.5,4400,4400,0.1,0.5
1102510,,5400500,0,0,0,5400501,100,0.5,0.5,200,200,0.5,0.2,300,300,0.5,0.2,300,400,0.5,0.2,500,500,0.5,0.5,5400500,0,0.1,0.5,5400507,700,2,0.25,0,0,0.5,0.5,5400500,900,0.1,0.5,5400500,1000,0.1,0.5,0,0,0.5,0.5,0,0,0.5,0.5,0,0,0.5,0.5,0,0,0.5,0.5,0,0,0.5,0.5,5400500,1600,0.1,0.5,5400500,1700,0.1,0.5,5400500,1800,0.3,0.5,0,0,0.5,0.5,2000,2000,0.1,0.5,2000,2100,0.1,0.5,0,0,0.5,0.5,0,0,0.5,0.5,0,0,0.5,0.5,0,0,0.5,0.5,2600,2600,0.1,0.5,2700,2000,0.3,0.5,0,0,0.5,0.5,0,0,0.5,0.5,3000,3000,0.3,0.5,3000,3100,0.1,0.5,3200,3200,0.1,0.5,3200,3300,0.1,0.5,3400,3400,0.1,0.5,3400,3500,0.1,0.5,0,0,0,0,3700,3000,0.3,0.5,0,0,0,0,0,0,0,0,5400500,4000,0,1,0,0,0,0,0,0,0,0,4300,4300,0.1,0.5,4400,4400,0.1,0.5
1102900,,0,0,0,0,100,104,0.5,0.5,200,200,0.5,0.2,300,300,0.5,0.2,300,400,0.5,0.2,500,500,0.5,0.5,0,0,0.1,0.5,700,700,2,0.25,0,0,0.5,0.5,0,900,0.1,0.5,0,1000,0.1,0.5,0,0,0.5,0.5,0,0,0.5,0.5,0,0,0.5,0.5,0,0,0.5,0.5,0,0,0.5,0.5,0,1600,0.1,0.5,0,1700,0.1,0.5,0,1800,0.3,0.5,0,0,0.5,0.5,2000,2000,0.1,0.5,2000,2100,0.1,0.5,0,0,0.5,0.5,0,0,0.5,0.5,0,0,0.5,0.5,0,0,0.5,0.5,2600,2600,0.1,0.5,2700,2000,0.3,0.5,0,0,0.5,0.5,0,0,0.5,0.5,3000,3000,0.3,0.5,3000,3100,0.1,0.5,3200,3200,0.1,0.5,3200,3300,0.1,0.5,3400,3400,0.1,0.5,3400,3500,0.1,0.5,0,0,0,0,3700,3000,0.3,0.5,0,0,0,0,0,0,0,0,0,4000,0,1,0,0,0,0,0,0,0,0,4300,4300,0.1,0.5,4400,4400,0.1,0.5
1300000,,0,0,0,0,100,100,0.5,0.5,200,200,0.5,0.2,300,300,0.5,0.2,300,400,0.5,0.2,500,500,0.5,0.5,0,0,0.1,0.5,700,700,2,0.25,0,0,0.5,0.5,0,900,0.1,0.5,0,1000,0.1,0.5,0,0,0.5,0.5,0,0,0.5,0.5,0,0,0.5,0.5,0,0,0.5,0.5,0,0,0.5,0.5,0,1600,0.1,0.5,0,1700,0.1,0.5,0,1800,0.3,0.5,0,0,0.5,0.5,2000,2000,0.1,0.5,2000,2100,0.1,0.5,0,0,0.5,0.5,0,0,0.5,0.5,0,0,0.5,0.5,0,0,0.5,0.5,2600,2600,0.1,0.5,2700,2000,0.3,0.5,0,0,0.5,0.5,0,0,0.5,0.5,3000,3000,0.3,0.5,3000,3100,0.1,0.5,3200,3200,0.1,0.5,3200,3300,0.1,0.5,3400,3400,0.1,0.5,3400,3500,0.1,0.5,0,0,0,0,3700,3000,0.3,0.5,0,0,0,0,0,0,0,0,0,4000,0,1,0,0,0,0,0,0,0,0,4300,4300,0.1,0.5,4400,4400,0.1,0.5
1300001,,1,0,0,0,101,100,0.5,0.5,201,200,0.5,0.2,301,300,0.5,0.2,301,400,0.5,0.2,501,500,0.5,0.5,1,0,0.1,0.5,701,700,2,0.25,0,0,0.5,0.5,1,900,0.1,0.5,1,1000,0.1,0.5,0,0,0.5,0.5,0,0,0.5,0.5,0,0,0.5,0.5,0,0,0.5,0.5,0,0,0.5,0.5,1,1600,0.1,0.5,1,1700,0.1,0.5,1,1800,0.3,0.5,0,0,0.5,0.5,2000,2000,0.1,0.5,2000,2100,0.1,0.5,0,0,0.5,0.5,0,0,0.5,0.5,0,0,0.5,0.5,0,0,0.5,0.5,2600,2600,0.1,0.5,2700,2000,0.3,0.5,0,0,0.5,0.5,0,0,0.5,0.5,3000,3000,0.3,0.5,3000,3100,0.1,0.5,3200,3200,0.1,0.5,3200,3300,0.1,0.5,3400,3400,0.1,0.5,3400,3500,0.1,0.5,0,0,0,0,3700,3000,0.3,0.5,0,0,0,0,0,0,0,0,1,4000,0,1,0,0,0,0,0,0,0,0,4300,4300,0.1,0.5,4400,4400,0.1,0.5
1300002,,2,0,0,0,102,100,0.5,0.5,202,200,0.5,0.2,302,300,0.5,0.2,302,400,0.5,0.2,502,500,0.5,0.5,2,0,0.1,0.5,702,700,2,0.25,0,0,0.5,0.5,2,900,0.1,0.5,2,1000,0.1,0.5,0,0,0.5,0.5,0,0,0.5,0.5,0,0,0.5,0.5,0,0,0.5,0.5,0,0,0.5,0.5,2,1600,0.1,0.5,2,1700,0.1,0.5,2,1800,0.3,0.5,0,0,0.5,0.5,2000,2000,0.1,0.5,2000,2100,0.1,0.5,0,0,0.5,0.5,0,0,0.5,0.5,0,0,0.5,0.5,0,0,0.5,0.5,2600,2600,0.1,0.5,2700,2000,0.3,0.5,0,0,0.5,0.5,0,0,0.5,0.5,3000,3000,0.3,0.5,3000,3100,0.1,0.5,3200,3200,0.1,0.5,3200,3300,0.1,0.5,3400,3400,0.1,0.5,3400,3500,0.1,0.5,0,0,0,0,3700,3000,0.3,0.5,0,0,0,0,0,0,0,0,2,4000,0,1,0,0,0,0,0,0,0,0,4300,4300,0.1,0.5,4400,4400,0.1,0.5
1300003,,0,0,0,0,100,100,0.5,0.5,200,200,0.5,0.2,300,300,0.5,0.2,300,400,0.5,0.2,500,500,0.5,0.5,0,0,0.1,0.5,700,700,2,0.25,0,0,0.5,0.5,0,903,0.1,0.5,0,1000,0.1,0.5,0,0,0.5,0.5,0,0,0.5,0.5,0,0,0.5,0.5,0,0,0.5,0.5,0,0,0.5,0.5,0,1600,0.1,0.5,0,1703,0.1,0.5,0,1803,0.3,0.5,0,0,0.5,0.5,2000,2000,0.1,0.5,2000,2100,0.1,0.5,0,0,0.5,0.5,0,0,0.5,0.5,0,0,0.5,0.5,0,0,0.5,0.5,2600,2600,0.1,0.5,2700,2000,0.3,0.5,0,0,0.5,0.5,0,0,0.5,0.5,3000,3000,0.3,0.5,3000,3100,0.1,0.5,3200,3200,0.1,0.5,3200,3300,0.1,0.5,3400,3400,0.1,0.5,3400,3500,0.1,0.5,0,0,0,0,3700,3000,0.3,0.5,0,0,0,0,0,0,0,0,0,4000,0,1,0,0,0,0,0,0,0,0,4300,4300,0.1,0.5,4400,4400,0.1,0.5
1500000,,0,0,0,0,100,100,0.5,0.5,200,200,0.5,0.2,300,300,0.5,0.2,300,400,0.5,0.2,500,500,0.5,0.5,0,0,0.1,0.5,700,700,2,0.25,0,0,0.5,0.5,0,900,0.1,0.5,0,1000,0.1,0.5,0,0,0.5,0.5,0,0,0.5,0.5,0,0,0.5,0.5,0,0,0.5,0.5,0,0,0.5,0.5,0,1600,0.1,0.5,0,1700,0.1,0.5,0,1800,0.3,0.5,0,0,0.5,0.5,2000,2000,0.1,0.5,2000,2100,0.1,0.5,0,0,0.5,0.5,0,0,0.5,0.5,0,0,0.5,0.5,0,0,0.5,0.5,2600,2600,0.1,0.5,2700,2000,0.3,0.5,0,0,0.5,0.5,0,0,0.5,0.5,3000,3000,0.3,0.5,3000,3100,0.1,0.5,3200,3200,0.1,0.5,3200,3300,0.1,0.5,3400,3400,0.1,0.5,3400,3500,0.1,0.5,0,0,0,0,3700,3000,0.3,0.5,0,0,0,0,0,0,0,0,0,4000,0,1,0,0,0,0,0,0,0,0,4300,4300,0.1,0.5,4400,4400,0.1,0.5
1500001,,1,0,0,0,101,100,0.5,0.5,201,200,0.5,0.2,301,300,0.5,0.2,301,400,0.5,0.2,501,500,0.5,0.5,1,0,0.1,0.5,701,700,2,0.25,0,0,0.5,0.5,1,900,0.1,0.5,1,1000,0.1,0.5,0,0,0.5,0.5,0,0,0.5,0.5,0,0,0.5,0.5,0,0,0.5,0.5,0,0,0.5,0.5,1,1600,0.1,0.5,1,1700,0.1,0.5,1,1800,0.3,0.5,0,0,0.5,0.5,2000,2000,0.1,0.5,2000,2100,0.1,0.5,0,0,0.5,0.5,0,0,0.5,0.5,0,0,0.5,0.5,0,0,0.5,0.5,2600,2600,0.1,0.5,2700,2000,0.3,0.5,0,0,0.5,0.5,0,0,0.5,0.5,3000,3000,0.3,0.5,3000,3100,0.1,0.5,3200,3200,0.1,0.5,3200,3300,0.1,0.5,3400,3400,0.1,0.5,3400,3500,0.1,0.5,0,0,0,0,3700,3000,0.3,0.5,0,0,0,0,0,0,0,0,1,4000,0,1,0,0,0,0,0,0,0,0,4300,4300,0.1,0.5,4400,4400,0.1,0.5
1500002,,2,0,0,0,102,100,0.5,0.5,202,200,0.5,0.2,302,300,0.5,0.2,302,400,0.5,0.2,502,500,0.5,0.5,2,0,0.1,0.5,702,700,2,0.25,0,0,0.5,0.5,2,900,0.1,0.5,2,1000,0.1,0.5,0,0,0.5,0.5,0,0,0.5,0.5,0,0,0.5,0.5,0,0,0.5,0.5,0,0,0.5,0.5,2,1600,0.1,0.5,2,1700,0.1,0.5,2,1800,0.3,0.5,0,0,0.5,0.5,2000,2000,0.1,0.5,2000,2100,0.1,0.5,0,0,0.5,0.5,0,0,0.5,0.5,0,0,0.5,0.5,0,0,0.5,0.5,2600,2600,0.1,0.5,2700,2000,0.3,0.5,0,0,0.5,0.5,0,0,0.5,0.5,3000,3000,0.3,0.5,3000,3100,0.1,0.5,3200,3200,0.1,0.5,3200,3300,0.1,0.5,3400,3400,0.1,0.5,3400,3500,0.1,0.5,0,0,0,0,3700,3000,0.3,0.5,0,0,0,0,0,0,0,0,2,4000,0,1,0,0,0,0,0,0,0,0,4300,4300,0.1,0.5,4400,4400,0.1,0.5
1500003,,0,0,0,0,100,100,0.5,0.5,200,200,0.5,0.2,300,300,0.5,0.2,300,400,0.5,0.2,500,500,0.5,0.5,0,0,0.1,0.5,700,700,2,0.25,0,0,0.5,0.5,0,903,0.1,0.5,0,1000,0.1,0.5,0,0,0.5,0.5,0,0,0.5,0.5,0,0,0.5,0.5,0,0,0.5,0.5,0,0,0.5,0.5,0,1600,0.1,0.5,0,1703,0.1,0.5,0,1803,0.3,0.5,0,0,0.5,0.5,2000,2000,0.1,0.5,2000,2100,0.1,0.5,0,0,0.5,0.5,0,0,0.5,0.5,0,0,0.5,0.5,0,0,0.5,0.5,2600,2600,0.1,0.5,2700,2000,0.3,0.5,0,0,0.5,0.5,0,0,0.5,0.5,3000,3000,0.3,0.5,3000,3100,0.1,0.5,3200,3200,0.1,0.5,3200,3300,0.1,0.5,3400,3400,0.1,0.5,3400,3500,0.1,0.5,0,0,0,0,3700,3000,0.3,0.5,0,0,0,0,0,0,0,0,0,4000,0,1,0,0,0,0,0,0,0,0,4300,4300,0.1,0.5,4400,4400,0.1,0.5
1500200,,7000000,0,0,0,7000001,100,0.5,0.5,200,200,0.5,0.2,300,300,0.5,0.2,300,400,0.5,0.2,500,500,0.5,0.5,7000000,0,0.1,0.5,7000007,700,2,0.25,0,0,0.5,0.5,7000000,900,0.1,0.5,7000000,1000,0.1,0.5,0,0,0.5,0.5,0,0,0.5,0.5,0,0,0.5,0.5,0,0,0.5,0.5,0,0,0.5,0.5,7000000,1600,0.1,0.5,7000000,1700,0.1,0.5,7000000,1800,0.3,0.5,0,0,0.5,0.5,2000,2000,0.1,0.5,2000,2100,0.1,0.5,0,0,0.5,0.5,0,0,0.5,0.5,0,0,0.5,0.5,0,0,0.5,0.5,2600,2600,0.1,0.5,2700,2000,0.3,0.5,0,0,0.5,0.5,0,0,0.5,0.5,3000,3000,0.3,0.5,3000,3100,0.1,0.5,3200,3200,0.1,0.5,3200,3300,0.1,0.5,3400,3400,0.1,0.5,3400,3500,0.1,0.5,0,0,0,0,3700,3000,0.3,0.5,0,0,0,0,0,0,0,0,7000000,4000,0,1,0,0,0,0,0,0,0,0,4300,4300,0.1,0.5,4400,4400,0.1,0.5
1700000,,0,0,0,0,100,100,0.5,0.5,200,200,0.5,0.2,300,300,0.5,0.2,300,400,0.5,0.2,500,500,0.5,0.5,0,0,0.1,0.5,700,700,2,0.25,0,0,0.5,0.5,0,900,0.1,0.5,0,1000,0.1,0.5,0,0,0.5,0.5,0,0,0.5,0.5,0,0,0.5,0.5,0,0,0.5,0.5,0,0,0.5,0.5,0,1600,0.1,0.5,0,1700,0.1,0.5,0,1800,0.3,0.5,0,0,0.5,0.5,2000,2000,0.1,0.5,2000,2100,0.1,0.5,0,0,0.5,0.5,0,0,0.5,0.5,0,0,0.5,0.5,0,0,0.5,0.5,2600,2600,0.1,0.5,2700,2000,0.3,0.5,0,0,0.5,0.5,0,0,0.5,0.5,3000,3000,0.3,0.5,3000,3100,0.1,0.5,3200,3200,0.1,0.5,3200,3300,0.1,0.5,3400,3400,0.1,0.5,3400,3500,0.1,0.5,0,0,0,0,3700,3000,0.3,0.5,0,0,0,0,0,0,0,0,0,4000,0,1,0,0,0,0,0,0,0,0,4300,4300,0.1,0.5,4400,4400,0.1,0.5
1700001,,1,0,0,0,101,100,0.5,0.5,201,200,0.5,0.2,301,300,0.5,0.2,301,400,0.5,0.2,501,500,0.5,0.5,1,0,0.1,0.5,701,700,2,0.25,0,0,0.5,0.5,1,900,0.1,0.5,1,1000,0.1,0.5,0,0,0.5,0.5,0,0,0.5,0.5,0,0,0.5,0.5,0,0,0.5,0.5,0,0,0.5,0.5,1,1600,0.1,0.5,1,1700,0.1,0.5,1,1800,0.3,0.5,0,0,0.5,0.5,2000,2000,0.1,0.5,2000,2100,0.1,0.5,0,0,0.5,0.5,0,0,0.5,0.5,0,0,0.5,0.5,0,0,0.5,0.5,2600,2600,0.1,0.5,2700,2000,0.3,0.5,0,0,0.5,0.5,0,0,0.5,0.5,3000,3000,0.3,0.5,3000,3100,0.1,0.5,3200,3200,0.1,0.5,3200,3300,0.1,0.5,3400,3400,0.1,0.5,3400,3500,0.1,0.5,0,0,0,0,3700,3000,0.3,0.5,0,0,0,0,0,0,0,0,1,4000,0,1,0,0,0,0,0,0,0,0,4300,4300,0.1,0.5,4400,4400,0.1,0.5
1700002,,2,0,0,0,102,100,0.5,0.5,202,200,0.5,0.2,302,300,0.5,0.2,302,400,0.5,0.2,502,500,0.5,0.5,2,0,0.1,0.5,702,700,2,0.25,0,0,0.5,0.5,2,900,0.1,0.5,2,1000,0.1,0.5,0,0,0.5,0.5,0,0,0.5,0.5,0,0,0.5,0.5,0,0,0.5,0.5,0,0,0.5,0.5,2,1600,0.1,0.5,2,1700,0.1,0.5,2,1800,0.3,0.5,0,0,0.5,0.5,2000,2000,0.1,0.5,2000,2100,0.1,0.5,0,0,0.5,0.5,0,0,0.5,0.5,0,0,0.5,0.5,0,0,0.5,0.5,2600,2600,0.1,0.5,2700,2000,0.3,0.5,0,0,0.5,0.5,0,0,0.5,0.5,3000,3000,0.3,0.5,3000,3100,0.1,0.5,3200,3200,0.1,0.5,3200,3300,0.1,0.5,3400,3400,0.1,0.5,3400,3500,0.1,0.5,0,0,0,0,3700,3000,0.3,0.5,0,0,0,0,0,0,0,0,2,4000,0,1,0,0,0,0,0,0,0,0,4300,4300,0.1,0.5,4400,4400,0.1,0.5
1700003,,0,0,0,0,100,100,0.5,0.5,200,200,0.5,0.2,300,300,0.5,0.2,300,400,0.5,0.2,500,500,0.5,0.5,0,0,0.1,0.5,700,700,2,0.25,0,0,0.5,0.5,0,903,0.1,0.5,0,1000,0.1,0.5,0,0,0.5,0.5,0,0,0.5,0.5,0,0,0.5,0.5,0,0,0.5,0.5,0,0,0.5,0.5,0,1600,0.1,0.5,0,1703,0.1,0.5,0,1803,0.3,0.5,0,0,0.5,0.5,2000,2000,0.1,0.5,2000,2100,0.1,0.5,0,0,0.5,0.5,0,0,0.5,0.5,0,0,0.5,0.5,0,0,0.5,0.5,2600,2600,0.1,0.5,2700,2000,0.3,0.5,0,0,0.5,0.5,0,0,0.5,0.5,3000,3000,0.3,0.5,3000,3100,0.1,0.5,3200,3200,0.1,0.5,3200,3300,0.1,0.5,3400,3400,0.1,0.5,3400,3500,0.1,0.5,0,0,0,0,3700,3000,0.3,0.5,0,0,0,0,0,0,0,0,0,4000,0,1,0,0,0,0,0,0,0,0,4300,4300,0.1,0.5,4400,4400,0.1,0.5
1700300,,0,0,0,0,100,100,0.5,0.5,200,200,0.5,0.2,300,300,0.5,0.2,300,400,0.5,0.2,500,500,0.5,0.5,0,0,0.1,0.5,700,700,2,0.25,0,0,0.5,0.5,0,900,0.1,0.5,0,1000,0.1,0.5,0,0,0.5,0.5,0,0,0.5,0.5,0,0,0.5,0.5,0,0,0.5,0.5,0,0,0.5,0.5,0,1600,0.1,0.5,0,1700,0.1,0.5,0,1800,0.3,0.5,0,0,0.5,0.5,2000,2000,0.1,0.5,2000,2100,0.1,0.5,0,0,0.5,0.5,0,0,0.5,0.5,0,0,0.5,0.5,0,0,0.5,0.5,2600,2600,0.1,0.5,2700,2000,0.3,0.5,0,0,0.5,0.5,0,0,0.5,0.5,3000,3000,0.3,0.5,3000,3100,0.1,0.5,3200,3200,0.1,0.5,3200,3300,0.1,0.5,3400,3400,0.1,0.5,3400,3500,0.1,0.5,0,0,0,0,3700,3000,0.3,0.5,0,0,0,0,0,0,0,0,0,4000,0,1,0,0,0,0,0,0,0,0,4300,4300,0.1,0.5,4400,4400,0.1,0.5
1700350,,20,0,0,0,20,100,0.5,0.5,200,200,0.5,0.2,300,300,0.5,0.2,300,400,0.5,0.2,500,500,0.5,0.5,20,0,0.1,0.5,700,700,2,0.25,0,0,0.5,0.5,20,900,0.1,0.5,20,1000,0.1,0.5,0,0,0.5,0.5,0,0,0.5,0.5,0,0,0.5,0.5,0,0,0.5,0.5,0,0,0.5,0.5,20,1600,0.1,0.5,20,1700,0.1,0.5,20,1800,0.3,0.5,0,0,0.5,0.5,2000,2000,0.1,0.5,2000,2100,0.1,0.5,0,0,0.5,0.5,0,0,0.5,0.5,0,0,0.5,0.5,0,0,0.5,0.5,2600,2600,0.1,0.5,2700,2000,0.3,0.5,0,0,0.5,0.5,0,0,0.5,0.5,3000,3000,0.3,0.5,3000,3100,0.1,0.5,3200,3200,0.1,0.5,3200,3300,0.1,0.5,3400,3400,0.1,0.5,3400,3500,0.1,0.5,0,0,0,0,3700,3000,0.3,0.5,0,0,0,0,0,0,0,0,20,4000,0,1,0,0,0,0,0,0,0,0,4300,4300,0.1,0.5,4400,4400,0.1,0.5
1700500,,5100000,5100000,0,0,5100001,5100001,0.5,0.5,200,200,0.5,0.2,300,300,0.5,0.2,300,400,0.5,0.2,500,500,0.5,0.5,5100000,5100000,0.1,0.5,5100007,5100007,2,0.25,0,0,0.5,0.5,5100000,5100000,0.1,0.5,5100000,5100000,0.1,0.5,0,0,0.5,0.5,0,0,0.5,0.5,0,0,0.5,0.5,0,0,0.5,0.5,0,0,0.5,0.5,5100000,5100000,0.1,0.5,5100000,5100000,0.1,0.5,5100000,5100000,0.3,0.5,0,0,0.5,0.5,2000,2000,0.1,0.5,2000,2100,0.1,0.5,0,0,0.5,0.5,0,0,0.5,0.5,0,0,0.5,0.5,0,0,0.5,0.5,2600,2600,0.1,0.5,2700,2000,0.3,0.5,0,0,0.5,0.5,0,0,0.5,0.5,3000,3000,0.3,0.5,3000,3100,0.1,0.5,3200,3200,0.1,0.5,3200,3300,0.1,0.5,3400,3400,0.1,0.5,3400,3500,0.1,0.5,0,0,0,0,3700,3000,0.3,0.5,0,0,0,0,0,0,0,0,5100000,4000,0,1,0,0,0,0,0,0,0,0,4300,4300,0.1,0.5,4400,4400,0.1,0.5
1700501,,5100010,5100000,0,0,5100011,5100001,0.5,0.5,200,200,0.5,0.2,300,300,0.5,0.2,300,400,0.5,0.2,500,500,0.5,0.5,5100010,5100000,0.1,0.5,5100017,5100007,2,0.25,0,0,0.5,0.5,5100010,5100000,0.1,0.5,5100010,5100000,0.1,0.5,0,0,0.5,0.5,0,0,0.5,0.5,0,0,0.5,0.5,0,0,0.5,0.5,0,0,0.5,0.5,5100010,5100000,0.1,0.5,5100010,5100000,0.1,0.5,5100010,5100000,0.3,0.5,0,0,0.5,0.5,2000,2000,0.1,0.5,2000,2100,0.1,0.5,0,0,0.5,0.5,0,0,0.5,0.5,0,0,0.5,0.5,0,0,0.5,0.5,2600,2600,0.1,0.5,2700,2000,0.3,0.5,0,0,0.5,0.5,0,0,0.5,0.5,3000,3000,0.3,0.5,3000,3100,0.1,0.5,3200,3200,0.1,0.5,3200,3300,0.1,0.5,3400,3400,0.1,0.5,3400,3500,0.1,0.5,0,0,0,0,3700,3000,0.3,0.5,0,0,0,0,0,0,0,0,5100010,4000,0,1,0,0,0,0,0,0,0,0,4300,4300,0.1,0.5,4400,4400,0.1,0.5
1700502,,5100020,5100000,0,0,5100021,5100001,0.5,0.5,200,200,0.5,0.2,300,300,0.5,0.2,300,400,0.5,0.2,500,500,0.5,0.5,5100020,5100000,0.1,0.5,5100027,5100007,2,0.25,0,0,0.5,0.5,5100020,5100000,0.1,0.5,5100020,5100000,0.1,0.5,0,0,0.5,0.5,0,0,0.5,0.5,0,0,0.5,0.5,0,0,0.5,0.5,0,0,0.5,0.5,5100020,5100000,0.1,0.5,5100020,5100000,0.1,0.5,5100020,5100000,0.3,0.5,0,0,0.5,0.5,2000,2000,0.1,0.5,2000,2100,0.1,0.5,0,0,0.5,0.5,0,0,0.5,0.5,0,0,0.5,0.5,0,0,0.5,0.5,2600,2600,0.1,0.5,2700,2000,0.3,0.5,0,0,0.5,0.5,0,0,0.5,0.5,3000,3000,0.3,0.5,3000,3100,0.1,0.5,3200,3200,0.1,0.5,3200,3300,0.1,0.5,3400,3400,0.1,0.5,3400,3500,0.1,0.5,0,0,0,0,3700,3000,0.3,0.5,0,0,0,0,0,0,0,0,5100020,4000,0,1,0,0,0,0,0,0,0,0,4300,4300,0.1,0.5,4400,4400,0.1,0.5
1700510,,5100100,5100000,0,0,5100101,100,0.5,0.5,200,200,0.5,0.2,300,300,0.5,0.2,300,400,0.5,0.2,500,500,0.5,0.5,5100100,5100000,0.1,0.5,5100107,5100007,2,0.25,0,0,0.5,0.5,5100100,5100000,0.1,0.5,5100100,5100000,0.1,0.5,0,0,0.5,0.5,0,0,0.5,0.5,0,0,0.5,0.5,0,0,0.5,0.5,0,0,0.5,0.5,5100100,5100000,0.1,0.5,5100100,5100000,0.1,0.5,5100100,5100000,0.3,0.5,0,0,0.5,0.5,2000,2000,0.1,0.5,2000,2100,0.1,0.5,0,0,0.5,0.5,0,0,0.5,0.5,0,0,0.5,0.5,0,0,0.5,0.5,2600,2600,0.1,0.5,2700,2000,0.3,0.5,0,0,0.5,0.5,0,0,0.5,0.5,3000,3000,0.3,0.5,3000,3100,0.1,0.5,3200,3200,0.1,0.5,3200,3300,0.1,0.5,3400,3400,0.1,0.5,3400,3500,0.1,0.5,0,0,0,0,3700,3000,0.3,0.5,0,0,0,0,0,0,0,0,5100100,4000,0,1,0,0,0,0,0,0,0,0,4300,4300,0.1,0.5,4400,4400,0.1,0.5
1700511,,5100110,5100000,0,0,5100111,5100001,0.5,0.5,200,200,0.5,0.2,300,300,0.5,0.2,300,400,0.5,0.2,500,500,0.5,0.5,5100110,5100000,0.1,0.5,5100117,5100007,2,0.25,0,0,0.5,0.5,5100110,5100000,0.1,0.5,5100110,5100000,0.1,0.5,0,0,0.5,0.5,0,0,0.5,0.5,0,0,0.5,0.5,0,0,0.5,0.5,0,0,0.5,0.5,5100110,5100000,0.1,0.5,5100110,5100000,0.1,0.5,5100110,5100000,0.3,0.5,0,0,0.5,0.5,2000,2000,0.1,0.5,2000,2100,0.1,0.5,0,0,0.5,0.5,0,0,0.5,0.5,0,0,0.5,0.5,0,0,0.5,0.5,2600,2600,0.1,0.5,2700,2000,0.3,0.5,0,0,0.5,0.5,0,0,0.5,0.5,3000,3000,0.3,0.5,3000,3100,0.1,0.5,3200,3200,0.1,0.5,3200,3300,0.1,0.5,3400,3400,0.1,0.5,3400,3500,0.1,0.5,0,0,0,0,3700,3000,0.3,0.5,0,0,0,0,0,0,0,0,5100110,4000,0,1,0,0,0,0,0,0,0,0,4300,4300,0.1,0.5,4400,4400,0.1,0.5
1700512,,5100120,5100000,0,0,5100121,5100001,0.5,0.5,200,200,0.5,0.2,300,300,0.5,0.2,300,400,0.5,0.2,500,500,0.5,0.5,5100120,5100000,0.1,0.5,5100127,5100007,2,0.25,0,0,0.5,0.5,5100120,5100000,0.1,0.5,5100120,5100000,0.1,0.5,0,0,0.5,0.5,0,0,0.5,0.5,0,0,0.5,0.5,0,0,0.5,0.5,0,0,0.5,0.5,5100120,5100000,0.1,0.5,5100120,5100000,0.1,0.5,5100120,5100000,0.3,0.5,0,0,0.5,0.5,2000,2000,0.1,0.5,2000,2100,0.1,0.5,0,0,0.5,0.5,0,0,0.5,0.5,0,0,0.5,0.5,0,0,0.5,0.5,2600,2600,0.1,0.5,2700,2000,0.3,0.5,0,0,0.5,0.5,0,0,0.5,0.5,3000,3000,0.3,0.5,3000,3100,0.1,0.5,3200,3200,0.1,0.5,3200,3300,0.1,0.5,3400,3400,0.1,0.5,3400,3500,0.1,0.5,0,0,0,0,3700,3000,0.3,0.5,0,0,0,0,0,0,0,0,5100120,4000,0,1,0,0,0,0,0,0,0,0,4300,4300,0.1,0.5,4400,4400,0.1,0.5
1700900,,0,0,0,0,100,104,0.5,0.5,200,200,0.5,0.2,300,300,0.5,0.2,300,400,0.5,0.2,500,500,0.5,0.5,0,0,0.1,0.5,700,700,2,0.25,0,0,0.5,0.5,0,900,0.1,0.5,0,1000,0.1,0.5,0,0,0.5,0.5,0,0,0.5,0.5,0,0,0.5,0.5,0,0,0.5,0.5,0,0,0.5,0.5,0,1600,0.1,0.5,0,1700,0.1,0.5,0,1800,0.3,0.5,0,0,0.5,0.5,2000,2000,0.1,0.5,2000,2100,0.1,0.5,0,0,0.5,0.5,0,0,0.5,0.5,0,0,0.5,0.5,0,0,0.5,0.5,2600,2600,0.1,0.5,2700,2000,0.3,0.5,0,0,0.5,0.5,0,0,0.5,0.5,3000,3000,0.3,0.5,3000,3100,0.1,0.5,3200,3200,0.1,0.5,3200,3300,0.1,0.5,3400,3400,0.1,0.5,3400,3500,0.1,0.5,0,0,0,0,3700,3000,0.3,0.5,0,0,0,0,0,0,0,0,0,4000,0,1,0,0,0,0,0,0,0,0,4300,4300,0.1,0.5,4400,4400,0.1,0.5
1700901,,0,0,0,0,100,100,0.5,0.5,200,200,0.5,0.2,300,300,0.5,0.2,300,400,0.5,0.2,500,500,0.5,0.5,0,0,0.1,0.5,700,700,2,0.25,0,0,0.5,0.5,0,900,0.1,0.5,0,1000,0.1,0.5,0,0,0.5,0.5,0,0,0.5,0.5,0,0,0.5,0.5,0,0,0.5,0.5,0,0,0.5,0.5,0,1600,0.1,0.5,0,1700,0.1,0.5,0,1800,0.3,0.5,0,0,0.5,0.5,2000,2000,0.1,0.5,2000,2100,0.1,0.5,0,0,0.5,0.5,0,0,0.5,0.5,0,0,0.5,0.5,0,0,0.5,0.5,2600,2600,0.1,0.5,2700,2000,0.3,0.5,0,0,0.5,0.5,0,0,0.5,0.5,3000,3000,0.3,0.5,3000,3100,0.1,0.5,3200,3200,0.1,0.5,3200,3300,0.1,0.5,3400,3400,0.1,0.5,3400,3500,0.1,0.5,0,0,0,0,3700,3000,0.3,0.5,0,0,0,0,0,0,0,0,0,4000,0,1,0,0,0,0,0,0,0,0,4300,4300,0.1,0.5,4400,4400,0.1,0.5
1700902,,0,0,0,0,100,100,0.5,0.5,200,200,0.5,0.2,300,300,0.5,0.2,300,400,0.5,0.2,500,500,0.5,0.5,0,0,0.1,0.5,700,700,2,0.25,0,0,0.5,0.5,0,900,0.1,0.5,0,1000,0.1,0.5,0,0,0.5,0.5,0,0,0.5,0.5,0,0,0.5,0.5,0,0,0.5,0.5,0,0,0.5,0.5,0,1600,0.1,0.5,0,1700,0.1,0.5,0,1800,0.3,0.5,0,0,0.5,0.5,2000,2000,0.1,0.5,2000,2100,0.1,0.5,0,0,0.5,0.5,0,0,0.5,0.5,0,0,0.5,0.5,0,0,0.5,0.5,2600,2600,0.1,0.5,2700,2000,0.3,0.5,0,0,0.5,0.5,0,0,0.5,0.5,3000,3000,0.3,0.5,3000,3100,0.1,0.5,3200,3200,0.1,0.5,3200,3300,0.1,0.5,3400,3400,0.1,0.5,3400,3500,0.1,0.5,0,0,0,0,3700,3000,0.3,0.5,0,0,0,0,0,0,0,0,0,4000,0,1,0,0,0,0,0,0,0,0,4300,4300,0.1,0.5,4400,4400,0.1,0.5
2000000,,0,0,0,0,100,100,0.5,0.5,200,200,0.5,0.2,300,300,0.5,0.2,300,400,0.5,0.2,500,500,0.5,0.5,0,0,0.1,0.5,700,700,2,0.25,0,0,0.5,0.5,0,900,0.1,0.5,0,1000,0.1,0.5,0,0,0.5,0.5,0,0,0.5,0.5,0,0,0.5,0.5,0,0,0.5,0.5,0,0,0.5,0.5,0,1600,0.1,0.5,0,1700,0.1,0.5,0,1800,0.3,0.5,0,0,0.5,0.5,2000,2000,0.1,0.5,2000,2100,0.1,0.5,0,0,0.5,0.5,0,0,0.5,0.5,0,0,0.5,0.5,0,0,0.5,0.5,2600,2600,0.1,0.5,2700,2000,0.3,0.5,0,0,0.5,0.5,0,0,0.5,0.5,3000,3000,0.3,0.5,3000,3100,0.1,0.5,3200,3200,0.1,0.5,3200,3300,0.1,0.5,3400,3400,0.1,0.5,3400,3500,0.1,0.5,0,0,0,0,3700,3000,0.3,0.5,0,0,0,0,0,0,0,0,0,4000,0,1,0,0,0,0,0,0,0,0,4300,4300,0.1,0.5,4400,4400,0.1,0.5
2000001,,1,0,0,0,101,100,0.5,0.5,201,200,0.5,0.2,301,300,0.5,0.2,301,400,0.5,0.2,501,500,0.5,0.5,1,0,0.1,0.5,701,700,2,0.25,0,0,0.5,0.5,1,900,0.1,0.5,1,1000,0.1,0.5,0,0,0.5,0.5,0,0,0.5,0.5,0,0,0.5,0.5,0,0,0.5,0.5,0,0,0.5,0.5,1,1600,0.1,0.5,1,1700,0.1,0.5,1,1800,0.3,0.5,0,0,0.5,0.5,2000,2000,0.1,0.5,2000,2100,0.1,0.5,0,0,0.5,0.5,0,0,0.5,0.5,0,0,0.5,0.5,0,0,0.5,0.5,2600,2600,0.1,0.5,2700,2000,0.3,0.5,0,0,0.5,0.5,0,0,0.5,0.5,3000,3000,0.3,0.5,3000,3100,0.1,0.5,3200,3200,0.1,0.5,3200,3300,0.1,0.5,3400,3400,0.1,0.5,3400,3500,0.1,0.5,0,0,0,0,3700,3000,0.3,0.5,0,0,0,0,0,0,0,0,1,4000,0,1,0,0,0,0,0,0,0,0,4300,4300,0.1,0.5,4400,4400,0.1,0.5
2000002,,2,0,0,0,102,100,0.5,0.5,202,200,0.5,0.2,302,300,0.5,0.2,302,400,0.5,0.2,502,500,0.5,0.5,2,0,0.1,0.5,702,700,2,0.25,0,0,0.5,0.5,2,900,0.1,0.5,2,1000,0.1,0.5,0,0,0.5,0.5,0,0,0.5,0.5,0,0,0.5,0.5,0,0,0.5,0.5,0,0,0.5,0.5,2,1600,0.1,0.5,2,1700,0.1,0.5,2,1800,0.3,0.5,0,0,0.5,0.5,2000,2000,0.1,0.5,2000,2100,0.1,0.5,0,0,0.5,0.5,0,0,0.5,0.5,0,0,0.5,0.5,0,0,0.5,0.5,2600,2600,0.1,0.5,2700,2000,0.3,0.5,0,0,0.5,0.5,0,0,0.5,0.5,3000,3000,0.3,0.5,3000,3100,0.1,0.5,3200,3200,0.1,0.5,3200,3300,0.1,0.5,3400,3400,0.1,0.5,3400,3500,0.1,0.5,0,0,0,0,3700,3000,0.3,0.5,0,0,0,0,0,0,0,0,2,4000,0,1,0,0,0,0,0,0,0,0,4300,4300,0.1,0.5,4400,4400,0.1,0.5
2000003,,0,0,0,0,100,100,0.5,0.5,200,200,0.5,0.2,300,300,0.5,0.2,300,400,0.5,0.2,500,500,0.5,0.5,0,0,0.1,0.5,700,700,2,0.25,0,0,0.5,0.5,0,903,0.1,0.5,0,1000,0.1,0.5,0,0,0.5,0.5,0,0,0.5,0.5,0,0,0.5,0.5,0,0,0.5,0.5,0,0,0.5,0.5,0,1600,0.1,0.5,0,1703,0.1,0.5,0,1803,0.3,0.5,0,0,0.5,0.5,2000,2000,0.1,0.5,2000,2100,0.1,0.5,0,0,0.5,0.5,0,0,0.5,0.5,0,0,0.5,0.5,0,0,0.5,0.5,2600,2600,0.1,0.5,2700,2000,0.3,0.5,0,0,0.5,0.5,0,0,0.5,0.5,3000,3000,0.3,0.5,3000,3100,0.1,0.5,3200,3200,0.1,0.5,3200,3300,0.1,0.5,3400,3400,0.1,0.5,3400,3500,0.1,0.5,0,0,0,0,3700,3000,0.3,0.5,0,0,0,0,0,0,0,0,0,4000,0,1,0,0,0,0,0,0,0,0,4300,4300,0.1,0.5,4400,4400,0.1,0.5
2000900,,0,0,0,0,100,104,0.5,0.5,200,200,0.5,0.2,300,300,0.5,0.2,300,400,0.5,0.2,500,500,0.5,0.5,0,0,0.1,0.5,700,700,2,0.25,0,0,0.5,0.5,0,900,0.1,0.5,0,1000,0.1,0.5,0,0,0.5,0.5,0,0,0.5,0.5,0,0,0.5,0.5,0,0,0.5,0.5,0,0,0.5,0.5,0,1600,0.1,0.5,0,1700,0.1,0.5,0,1800,0.3,0.5,0,0,0.5,0.5,2000,2000,0.1,0.5,2000,2100,0.1,0.5,0,0,0.5,0.5,0,0,0.5,0.5,0,0,0.5,0.5,0,0,0.5,0.5,2600,2600,0.1,0.5,2700,2000,0.3,0.5,0,0,0.5,0.5,0,0,0.5,0.5,3000,3000,0.3,0.5,3000,3100,0.1,0.5,3200,3200,0.1,0.5,3200,3300,0.1,0.5,3400,3400,0.1,0.5,3400,3500,0.1,0.5,0,0,0,0,3700,3000,0.3,0.5,0,0,0,0,0,0,0,0,0,4000,0,1,0,0,0,0,0,0,0,0,4300,4300,0.1,0.5,4400,4400,0.1,0.5
2500000,,0,0,0,0,100,100,0.5,0.5,200,200,0.5,0.2,300,300,0.5,0.2,300,400,0.5,0.2,500,500,0.5,0.5,0,0,0.1,0.5,700,700,2,0.25,0,0,0.5,0.5,0,900,0.1,0.5,0,1000,0.1,0.5,0,0,0.5,0.5,0,0,0.5,0.5,0,0,0.5,0.5,0,0,0.5,0.5,0,0,0.5,0.5,0,1600,0.1,0.5,0,1700,0.1,0.5,0,1800,0.3,0.5,0,0,0.5,0.5,2000,2000,0.1,0.5,2000,2100,0.1,0.5,0,0,0.5,0.5,0,0,0.5,0.5,0,0,0.5,0.5,0,0,0.5,0.5,2600,2600,0.1,0.5,2700,2000,0.3,0.5,0,0,0.5,0.5,0,0,0.5,0.5,3000,3000,0.3,0.5,3000,3100,0.1,0.5,3200,3200,0.1,0.5,3200,3300,0.1,0.5,3400,3400,0.1,0.5,3400,3500,0.1,0.5,0,0,0,0,3700,3000,0.3,0.5,0,0,0,0,0,0,0,0,0,4000,0,1,0,0,0,0,0,0,0,0,4300,4300,0.1,0.5,4400,4400,0.1,0.5
2500001,,1,0,0,0,101,100,0.5,0.5,201,200,0.5,0.2,301,300,0.5,0.2,301,400,0.5,0.2,501,500,0.5,0.5,1,0,0.1,0.5,701,700,2,0.25,0,0,0.5,0.5,1,900,0.1,0.5,1,1000,0.1,0.5,0,0,0.5,0.5,0,0,0.5,0.5,0,0,0.5,0.5,0,0,0.5,0.5,0,0,0.5,0.5,1,1600,0.1,0.5,1,1700,0.1,0.5,1,1800,0.3,0.5,0,0,0.5,0.5,2000,2000,0.1,0.5,2000,2100,0.1,0.5,0,0,0.5,0.5,0,0,0.5,0.5,0,0,0.5,0.5,0,0,0.5,0.5,2600,2600,0.1,0.5,2700,2000,0.3,0.5,0,0,0.5,0.5,0,0,0.5,0.5,3000,3000,0.3,0.5,3000,3100,0.1,0.5,3200,3200,0.1,0.5,3200,3300,0.1,0.5,3400,3400,0.1,0.5,3400,3500,0.1,0.5,0,0,0,0,3700,3000,0.3,0.5,0,0,0,0,0,0,0,0,1,4000,0,1,0,0,0,0,0,0,0,0,4300,4300,0.1,0.5,4400,4400,0.1,0.5
2500002,,2,0,0,0,102,100,0.5,0.5,202,200,0.5,0.2,302,300,0.5,0.2,302,400,0.5,0.2,502,500,0.5,0.5,2,0,0.1,0.5,702,700,2,0.25,0,0,0.5,0.5,2,900,0.1,0.5,2,1000,0.1,0.5,0,0,0.5,0.5,0,0,0.5,0.5,0,0,0.5,0.5,0,0,0.5,0.5,0,0,0.5,0.5,2,1600,0.1,0.5,2,1700,0.1,0.5,2,1800,0.3,0.5,0,0,0.5,0.5,2000,2000,0.1,0.5,2000,2100,0.1,0.5,0,0,0.5,0.5,0,0,0.5,0.5,0,0,0.5,0.5,0,0,0.5,0.5,2600,2600,0.1,0.5,2700,2000,0.3,0.5,0,0,0.5,0.5,0,0,0.5,0.5,3000,3000,0.3,0.5,3000,3100,0.1,0.5,3200,3200,0.1,0.5,3200,3300,0.1,0.5,3400,3400,0.1,0.5,3400,3500,0.1,0.5,0,0,0,0,3700,3000,0.3,0.5,0,0,0,0,0,0,0,0,2,4000,0,1,0,0,0,0,0,0,0,0,4300,4300,0.1,0.5,4400,4400,0.1,0.5
2500003,,0,0,0,0,100,100,0.5,0.5,200,200,0.5,0.2,300,300,0.5,0.2,300,400,0.5,0.2,500,500,0.5,0.5,0,0,0.1,0.5,700,700,2,0.25,0,0,0.5,0.5,0,903,0.1,0.5,0,1000,0.1,0.5,0,0,0.5,0.5,0,0,0.5,0.5,0,0,0.5,0.5,0,0,0.5,0.5,0,0,0.5,0.5,0,1600,0.1,0.5,0,1703,0.1,0.5,0,1803,0.3,0.5,0,0,0.5,0.5,2000,2000,0.1,0.5,2000,2100,0.1,0.5,0,0,0.5,0.5,0,0,0.5,0.5,0,0,0.5,0.5,0,0,0.5,0.5,2600,2600,0.1,0.5,2700,2000,0.3,0.5,0,0,0.5,0.5,0,0,0.5,0.5,3000,3000,0.3,0.5,3000,3100,0.1,0.5,3200,3200,0.1,0.5,3200,3300,0.1,0.5,3400,3400,0.1,0.5,3400,3500,0.1,0.5,0,0,0,0,3700,3000,0.3,0.5,0,0,0,0,0,0,0,0,0,4000,0,1,0,0,0,0,0,0,0,0,4300,4300,0.1,0.5,4400,4400,0.1,0.5
2500010,,0,0,0,0,100,100,0.5,0.5,200,200,0.5,0.2,300,300,0.5,0.2,300,400,0.5,0.2,500,500,0.5,0.5,0,0,0.1,0.5,700,700,2,0.25,0,0,0.5,0.5,0,900,0.1,0.5,0,1000,0.1,0.5,0,0,0.5,0.5,0,0,0.5,0.5,0,0,0.5,0.5,0,0,0.5,0.5,0,0,0.5,0.5,0,1600,0.1,0.5,0,1700,0.1,0.5,0,1800,0.3,0.5,0,0,0.5,0.5,2000,2000,0.1,0.5,2000,2100,0.1,0.5,0,0,0.5,0.5,0,0,0.5,0.5,0,0,0.5,0.5,0,0,0.5,0.5,2600,2600,0.1,0.5,2700,2000,0.3,0.5,0,0,0.5,0.5,0,0,0.5,0.5,3020,3000,0.3,0.5,3020,3100,0.1,0.5,3220,3200,0.1,0.5,3220,3300,0.1,0.5,3440,3400,0.1,0.5,3440,3500,0.1,0.5,0,0,0,0,3720,3000,0.3,0.5,0,0,0,0,0,0,0,0,0,4000,0,1,0,0,0,0,0,0,0,0,4300,4300,0.1,0.5,4400,4400,0.1,0.5
2500200,,0,0,0,0,100,100,0.5,0.5,200,200,0.5,0.2,300,300,0.5,0.2,300,400,0.5,0.2,500,500,0.5,0.5,0,0,0.1,0.5,700,700,2,0.25,0,0,0.5,0.5,0,900,0.1,0.5,0,1000,0.1,0.5,0,0,0.5,0.5,0,0,0.5,0.5,0,0,0.5,0.5,0,0,0.5,0.5,0,0,0.5,0.5,0,1600,0.1,0.5,0,1700,0.1,0.5,0,1800,0.3,0.5,0,0,0.5,0.5,2000,2000,0.1,0.5,2000,2100,0.1,0.5,0,0,0.5,0.5,0,0,0.5,0.5,0,0,0.5,0.5,0,0,0.5,0.5,2600,2600,0.1,0.5,2700,2000,0.3,0.5,0,0,0.5,0.5,0,0,0.5,0.5,5050000,3000,0.3,0.5,5050000,3100,0.1,0.5,5050000,3200,0.1,0.5,5050000,3300,0.1,0.5,5050000,3400,0.1,0.5,5050000,3500,0.1,0.5,0,0,0,0,5050000,3000,0.3,0.5,0,0,0,0,0,0,0,0,0,4000,0,1,0,0,0,0,0,0,0,0,4300,4300,0.1,0.5,4400,4400,0.1,0.5
2500210,,5050100,0,0,0,5050101,100,0.5,0.5,200,200,0.5,0.2,300,300,0.5,0.2,300,400,0.5,0.2,500,500,0.5,0.5,0,0,0.1,0.5,700,700,2,0.25,0,0,0.5,0.5,0,900,0.1,0.5,5050100,1000,0.1,0.5,0,0,0.5,0.5,0,0,0.5,0.5,0,0,0.5,0.5,0,0,0.5,0.5,0,0,0.5,0.5,0,1600,0.1,0.5,0,1700,0.1,0.5,0,1800,0.3,0.5,0,0,0.5,0.5,2000,2000,0.1,0.5,2000,2100,0.1,0.5,0,0,0.5,0.5,0,0,0.5,0.5,0,0,0.5,0.5,0,0,0.5,0.5,2600,2600,0.1,0.5,2700,2000,0.3,0.5,0,0,0.5,0.5,0,0,0.5,0.5,3000,3000,0.3,0.5,3000,3100,0.1,0.5,3200,3200,0.1,0.5,3200,3300,0.1,0.5,3400,3400,0.1,0.5,3400,3500,0.1,0.5,0,0,0,0,3700,3000,0.3,0.5,0,0,0,0,0,0,0,0,0,4000,0,1,0,0,0,0,0,0,0,0,4300,4300,0.1,0.5,4400,4400,0.1,0.5
2500500,,5200000,5200000,0,0,5200001,5200001,0.5,0.5,200,200,0.5,0.2,300,300,0.5,0.2,300,400,0.5,0.2,500,500,0.5,0.5,5200000,5200000,0.1,0.5,5200007,5200007,2,0.25,0,0,0.5,0.5,5200000,5200009,0.1,0.5,5200000,5200010,0.1,0.5,0,0,0.5,0.5,0,0,0.5,0.5,0,0,0.5,0.5,0,0,0.5,0.5,0,0,0.5,0.5,5200000,5200016,0.1,0.5,5200000,5200017,0.1,0.5,5200000,5200018,0.3,0.5,0,0,0.5,0.5,2000,2000,0.1,0.5,2000,2100,0.1,0.5,0,0,0.5,0.5,0,0,0.5,0.5,0,0,0.5,0.5,0,0,0.5,0.5,2600,2600,0.1,0.5,2700,2000,0.3,0.5,0,0,0.5,0.5,0,0,0.5,0.5,3000,3000,0.3,0.5,3000,3100,0.1,0.5,3200,3200,0.1,0.5,3200,3300,0.1,0.5,3400,3400,0.1,0.5,3400,3500,0.1,0.5,0,0,0,0,3700,3000,0.3,0.5,0,0,0,0,0,0,0,0,5200000,4000,0,1,0,0,0,0,0,0,0,0,4300,4300,0.1,0.5,4400,4400,0.1,0.5
2500501,,5200100,5200000,0,0,5200100,5200001,0.5,0.5,200,200,0.5,0.2,300,300,0.5,0.2,300,400,0.5,0.2,500,500,0.5,0.5,5200100,5200000,0.1,0.5,5200100,5200007,2,0.25,0,0,0.5,0.5,5200100,5200009,0.1,0.5,5200100,5200110,0.1,0.5,0,0,0.5,0.5,0,0,0.5,0.5,0,0,0.5,0.5,0,0,0.5,0.5,0,0,0.5,0.5,5200100,5200016,0.1,0.5,5200100,5200017,0.1,0.5,5200100,5200018,0.3,0.5,0,0,0.5,0.5,2000,2000,0.1,0.5,2000,2100,0.1,0.5,0,0,0.5,0.5,0,0,0.5,0.5,0,0,0.5,0.5,0,0,0.5,0.5,2600,2600,0.1,0.5,2700,2000,0.3,0.5,0,0,0.5,0.5,0,0,0.5,0.5,3000,3000,0.3,0.5,3000,3100,0.1,0.5,3200,3200,0.1,0.5,3200,3300,0.1,0.5,3400,3400,0.1,0.5,3400,3500,0.1,0.5,0,0,0,0,3700,3000,0.3,0.5,0,0,0,0,0,0,0,0,5200100,4000,0,1,0,0,0,0,0,0,0,0,4300,4300,0.1,0.5,4400,4400,0.1,0.5
2500502,,5200200,5200000,0,0,5200200,5200001,0.5,0.5,200,200,0.5,0.2,300,300,0.5,0.2,300,400,0.5,0.2,500,500,0.5,0.5,5200200,5200000,0.1,0.5,5200200,5200007,2,0.25,0,0,0.5,0.5,5200200,5200009,0.1,0.5,5200200,5200110,0.1,0.5,0,0,0.5,0.5,0,0,0.5,0.5,0,0,0.5,0.5,0,0,0.5,0.5,0,0,0.5,0.5,5200200,5200016,0.1,0.5,5200200,5200017,0.1,0.5,5200200,5200018,0.3,0.5,0,0,0.5,0.5,2000,2000,0.1,0.5,2000,2100,0.1,0.5,0,0,0.5,0.5,0,0,0.5,0.5,0,0,0.5,0.5,0,0,0.5,0.5,2600,2600,0.1,0.5,2700,2000,0.3,0.5,0,0,0.5,0.5,0,0,0.5,0.5,3000,3000,0.3,0.5,3000,3100,0.1,0.5,3200,3200,0.1,0.5,3200,3300,0.1,0.5,3400,3400,0.1,0.5,3400,3500,0.1,0.5,0,0,0,0,3700,3000,0.3,0.5,0,0,0,0,0,0,0,0,5200200,4000,0,1,0,0,0,0,0,0,0,0,4300,4300,0.1,0.5,4400,4400,0.1,0.5
2500503,,5200300,5200000,0,0,5200300,5200001,0.5,0.5,200,200,0.5,0.2,300,300,0.5,0.2,300,400,0.5,0.2,500,500,0.5,0.5,5200300,5200000,0.1,0.5,5200300,5200007,2,0.25,0,0,0.5,0.5,5200300,5200009,0.1,0.5,5200300,5200120,0.1,0.5,0,0,0.5,0.5,0,0,0.5,0.5,0,0,0.5,0.5,0,0,0.5,0.5,0,0,0.5,0.5,5200300,5200016,0.1,0.5,5200300,5200017,0.1,0.5,5200300,5200018,0.3,0.5,0,0,0.5,0.5,2000,2000,0.1,0.5,2000,2100,0.1,0.5,0,0,0.5,0.5,0,0,0.5,0.5,0,0,0.5,0.5,0,0,0.5,0.5,2600,2600,0.1,0.5,2700,2000,0.3,0.5,0,0,0.5,0.5,0,0,0.5,0.5,3000,3000,0.3,0.5,3000,3100,0.1,0.5,3200,3200,0.1,0.5,3200,3300,0.1,0.5,3400,3400,0.1,0.5,3400,3500,0.1,0.5,0,0,0,0,3700,3000,0.3,0.5,0,0,0,0,0,0,0,0,5200300,4000,0,1,0,0,0,0,0,0,0,0,4300,4300,0.1,0.5,4400,4400,0.1,0.5
2500504,,5200310,5200000,0,0,5200310,5200001,0.5,0.5,200,200,0.5,0.2,300,300,0.5,0.2,300,400,0.5,0.2,500,500,0.5,0.5,5200310,5200000,0.1,0.5,5200310,5200007,2,0.25,0,0,0.5,0.5,5200310,5200009,0.1,0.5,5200310,5200120,0.1,0.5,0,0,0.5,0.5,0,0,0.5,0.5,0,0,0.5,0.5,0,0,0.5,0.5,0,0,0.5,0.5,5200310,5200016,0.1,0.5,5200310,5200017,0.1,0.5,5200310,5200018,0.3,0.5,0,0,0.5,0.5,2000,2000,0.1,0.5,2000,2100,0.1,0.5,0,0,0.5,0.5,0,0,0.5,0.5,0,0,0.5,0.5,0,0,0.5,0.5,2600,2600,0.1,0.5,2700,2000,0.3,0.5,0,0,0.5,0.5,0,0,0.5,0.5,3000,3000,0.3,0.5,3000,3100,0.1,0.5,3200,3200,0.1,0.5,3200,3300,0.1,0.5,3400,3400,0.1,0.5,3400,3500,0.1,0.5,0,0,0,0,3700,3000,0.3,0.5,0,0,0,0,0,0,0,0,5200310,4000,0,1,0,0,0,0,0,0,0,0,4300,4300,0.1,0.5,4400,4400,0.1,0.5
2500550,,5000000,0,0,0,5000001,100,0.5,0.5,200,200,0.5,0.2,300,300,0.5,0.2,300,400,0.5,0.2,500,500,0.5,0.5,5000000,0,0.1,0.5,5000007,700,2,0.25,0,0,0.5,0.5,5000000,900,0.1,0.5,5000000,1000,0.1,0.5,0,0,0.5,0.5,0,0,0.5,0.5,0,0,0.5,0.5,0,0,0.5,0.5,0,0,0.5,0.5,5000000,1600,0.1,0.5,5000000,1700,0.1,0.5,5000000,1800,0.3,0.5,0,0,0.5,0.5,2000,2000,0.1,0.5,2000,2100,0.1,0.5,0,0,0.5,0.5,0,0,0.5,0.5,0,0,0.5,0.5,0,0,0.5,0.5,2600,2600,0.1,0.5,2700,2000,0.3,0.5,0,0,0.5,0.5,0,0,0.5,0.5,3000,3000,0.3,0.5,3000,3100,0.1,0.5,3200,3200,0.1,0.5,3200,3300,0.1,0.5,3400,3400,0.1,0.5,3400,3500,0.1,0.5,0,0,0,0,3700,3000,0.3,0.5,0,0,0,0,0,0,0,0,5000000,4000,0,1,0,0,0,0,0,0,0,0,4300,4300,0.1,0.5,4400,4400,0.1,0.5
2500551,,5000100,0,0,0,5000101,100,0.5,0.5,200,200,0.5,0.2,300,300,0.5,0.2,300,400,0.5,0.2,500,500,0.5,0.5,5000100,0,0.1,0.5,5000107,700,2,0.25,0,0,0.5,0.5,5000100,900,0.1,0.5,5000100,1000,0.1,0.5,0,0,0.5,0.5,0,0,0.5,0.5,0,0,0.5,0.5,0,0,0.5,0.5,0,0,0.5,0.5,5000100,1600,0.1,0.5,5000100,1700,0.1,0.5,5000100,1800,0.3,0.5,0,0,0.5,0.5,2000,2000,0.1,0.5,2000,2100,0.1,0.5,0,0,0.5,0.5,0,0,0.5,0.5,0,0,0.5,0.5,0,0,0.5,0.5,2600,2600,0.1,0.5,2700,2000,0.3,0.5,0,0,0.5,0.5,0,0,0.5,0.5,3000,3000,0.3,0.5,3000,3100,0.1,0.5,3200,3200,0.1,0.5,3200,3300,0.1,0.5,3400,3400,0.1,0.5,3400,3500,0.1,0.5,0,0,0,0,3700,3000,0.3,0.5,0,0,0,0,0,0,0,0,5000100,4000,0,1,0,0,0,0,0,0,0,0,4300,4300,0.1,0.5,4400,4400,0.1,0.5
2500600,,5300000,5300000,0,0,5300001,5300001,0.5,0.5,200,200,0.5,0.2,300,300,0.5,0.2,300,400,0.5,0.2,500,500,0.5,0.5,5300000,5300000,0.1,0.5,5300007,5300007,2,0.25,0,0,0.5,0.5,5300000,5300000,0.1,0.5,5300000,5300000,0.1,0.5,0,0,0.5,0.5,0,0,0.5,0.5,0,0,0.5,0.5,0,0,0.5,0.5,0,0,0.5,0.5,5300000,5300000,0.1,0.5,5300000,5300000,0.1,0.5,5300000,5300000,0.3,0.5,0,0,0.5,0.5,2000,2000,0.1,0.5,2000,2100,0.1,0.5,0,0,0.5,0.5,0,0,0.5,0.5,0,0,0.5,0.5,0,0,0.5,0.5,2600,2600,0.1,0.5,2700,2000,0.3,0.5,0,0,0.5,0.5,0,0,0.5,0.5,3000,3000,0.3,0.5,3000,3100,0.1,0.5,3200,3200,0.1,0.5,3200,3300,0.1,0.5,3400,3400,0.1,0.5,3400,3500,0.1,0.5,0,0,0,0,3700,3000,0.3,0.5,0,0,0,0,0,0,0,0,5300000,4000,0,1,0,0,0,0,0,0,0,0,4300,4300,0.1,0.5,4400,4400,0.1,0.5
2500610,,5300100,5300100,0,0,5300101,5300101,0.5,0.5,200,200,0.5,0.2,300,300,0.5,0.2,300,400,0.5,0.2,500,500,0.5,0.5,5300100,5300100,0.1,0.5,5300107,5300107,2,0.25,0,0,0.5,0.5,5300100,5300100,0.1,0.5,5300100,5300100,0.1,0.5,0,0,0.5,0.5,0,0,0.5,0.5,0,0,0.5,0.5,0,0,0.5,0.5,0,0,0.5,0.5,5300100,5300100,0.1,0.5,5300100,5300100,0.1,0.5,5300100,5300100,0.3,0.5,0,0,0.5,0.5,2000,2000,0.1,0.5,2000,2100,0.1,0.5,0,0,0.5,0.5,0,0,0.5,0.5,0,0,0.5,0.5,0,0,0.5,0.5,2600,2600,0.1,0.5,2700,2000,0.3,0.5,0,0,0.5,0.5,0,0,0.5,0.5,3000,3000,0.3,0.5,3000,3100,0.1,0.5,3200,3200,0.1,0.5,3200,3300,0.1,0.5,3400,3400,0.1,0.5,3400,3500,0.1,0.5,0,0,0,0,3700,3000,0.3,0.5,0,0,0,0,0,0,0,0,5300100,4000,0,1,0,0,0,0,0,0,0,0,4300,4300,0.1,0.5,4400,4400,0.1,0.5
9620000,,0,0,0,0,100,100,0.5,0.5,200,200,0.5,0.2,300,300,0.5,0.2,300,400,0.5,0.2,500,500,0.5,0.5,0,0,0.1,0.5,700,700,2,0.25,0,0,0.5,0.5,0,900,0.1,0.5,0,1000,0.1,0.5,0,0,0.5,0.5,0,0,0.5,0.5,0,0,0.5,0.5,0,0,0.5,0.5,0,0,0.5,0.5,0,1600,0.1,0.5,0,1700,0.1,0.5,0,1800,0.3,0.5,0,0,0.5,0.5,2000,2000,0.1,0.5,2000,2100,0.1,0.5,0,0,0.5,0.5,0,0,0.5,0.5,0,0,0.5,0.5,0,0,0.5,0.5,2600,2600,0.1,0.5,2700,2000,0.3,0.5,0,0,0.5,0.5,0,0,0.5,0.5,3000,3000,0.3,0.5,3000,3100,0.1,0.5,3200,3200,0.1,0.5,3200,3300,0.1,0.5,3400,3400,0.1,0.5,3400,3500,0.1,0.5,0,0,0,0,3700,3000,0.3,0.5,0,0,0,0,0,0,0,0,0,4000,0,1,0,0,0,0,0,0,0,0,4300,4300,0.1,0.5,4400,4400,0.1,0.5
9620001,,1,0,0,0,101,100,0.5,0.5,201,200,0.5,0.2,301,300,0.5,0.2,301,400,0.5,0.2,501,500,0.5,0.5,1,0,0.1,0.5,701,700,2,0.25,0,0,0.5,0.5,1,900,0.1,0.5,1,1000,0.1,0.5,0,0,0.5,0.5,0,0,0.5,0.5,0,0,0.5,0.5,0,0,0.5,0.5,0,0,0.5,0.5,1,1600,0.1,0.5,1,1700,0.1,0.5,1,1800,0.3,0.5,0,0,0.5,0.5,2000,2000,0.1,0.5,2000,2100,0.1,0.5,0,0,0.5,0.5,0,0,0.5,0.5,0,0,0.5,0.5,0,0,0.5,0.5,2600,2600,0.1,0.5,2700,2000,0.3,0.5,0,0,0.5,0.5,0,0,0.5,0.5,3000,3000,0.3,0.5,3000,3100,0.1,0.5,3200,3200,0.1,0.5,3200,3300,0.1,0.5,3400,3400,0.1,0.5,3400,3500,0.1,0.5,0,0,0,0,3700,3000,0.3,0.5,0,0,0,0,0,0,0,0,1,4000,0,1,0,0,0,0,0,0,0,0,4300,4300,0.1,0.5,4400,4400,0.1,0.5
9620002,,2,0,0,0,102,100,0.5,0.5,202,200,0.5,0.2,302,300,0.5,0.2,302,400,0.5,0.2,502,500,0.5,0.5,2,0,0.1,0.5,702,700,2,0.25,0,0,0.5,0.5,2,900,0.1,0.5,2,1000,0.1,0.5,0,0,0.5,0.5,0,0,0.5,0.5,0,0,0.5,0.5,0,0,0.5,0.5,0,0,0.5,0.5,2,1600,0.1,0.5,2,1700,0.1,0.5,2,1800,0.3,0.5,0,0,0.5,0.5,2000,2000,0.1,0.5,2000,2100,0.1,0.5,0,0,0.5,0.5,0,0,0.5,0.5,0,0,0.5,0.5,0,0,0.5,0.5,2600,2600,0.1,0.5,2700,2000,0.3,0.5,0,0,0.5,0.5,0,0,0.5,0.5,3000,3000,0.3,0.5,3000,3100,0.1,0.5,3200,3200,0.1,0.5,3200,3300,0.1,0.5,3400,3400,0.1,0.5,3400,3500,0.1,0.5,0,0,0,0,3700,3000,0.3,0.5,0,0,0,0,0,0,0,0,2,4000,0,1,0,0,0,0,0,0,0,0,4300,4300,0.1,0.5,4400,4400,0.1,0.5
9620003,,0,0,0,0,100,100,0.5,0.5,200,200,0.5,0.2,300,300,0.5,0.2,300,400,0.5,0.2,500,500,0.5,0.5,0,0,0.1,0.5,700,700,2,0.25,0,0,0.5,0.5,0,903,0.1,0.5,0,1000,0.1,0.5,0,0,0.5,0.5,0,0,0.5,0.5,0,0,0.5,0.5,0,0,0.5,0.5,0,0,0.5,0.5,0,1600,0.1,0.5,0,1703,0.1,0.5,0,1803,0.3,0.5,0,0,0.5,0.5,2000,2000,0.1,0.5,2000,2100,0.1,0.5,0,0,0.5,0.5,0,0,0.5,0.5,0,0,0.5,0.5,0,0,0.5,0.5,2600,2600,0.1,0.5,2700,2000,0.3,0.5,0,0,0.5,0.5,0,0,0.5,0.5,3000,3000,0.3,0.5,3000,3100,0.1,0.5,3200,3200,0.1,0.5,3200,3300,0.1,0.5,3400,3400,0.1,0.5,3400,3500,0.1,0.5,0,0,0,0,3700,3000,0.3,0.5,0,0,0,0,0,0,0,0,0,4000,0,1,0,0,0,0,0,0,0,0,4300,4300,0.1,0.5,4400,4400,0.1,0.5
9620200,,20,0,0,0,120,100,0.5,0.5,200,200,0.5,0.2,300,300,0.5,0.2,300,400,0.5,0.2,500,500,0.5,0.5,20,0,0.1,0.5,700,700,2,0.25,0,0,0.5,0.5,20,900,0.1,0.5,20,1000,0.1,0.5,0,0,0.5,0.5,0,0,0.5,0.5,0,0,0.5,0.5,0,0,0.5,0.5,0,0,0.5,0.5,20,1600,0.1,0.5,20,1700,0.1,0.5,20,1800,0.3,0.5,0,0,0.5,0.5,2000,2000,0.1,0.5,2000,2100,0.1,0.5,0,0,0.5,0.5,0,0,0.5,0.5,0,0,0.5,0.5,0,0,0.5,0.5,2600,2600,0.1,0.5,2700,2000,0.3,0.5,0,0,0.5,0.5,0,0,0.5,0.5,3000,3000,0.3,0.5,3000,3100,0.1,0.5,3200,3200,0.1,0.5,3200,3300,0.1,0.5,3400,3400,0.1,0.5,3400,3500,0.1,0.5,0,0,0,0,3700,3000,0.3,0.5,0,0,0,0,0,0,0,0,20,4000,0,1,0,0,0,0,0,0,0,0,4300,4300,0.1,0.5,4400,4400,0.1,0.5
9620201,,0,0,0,0,100,100,0.5,0.5,200,200,0.5,0.2,300,300,0.5,0.2,300,400,0.5,0.2,500,500,0.5,0.5,0,0,0.1,0.5,700,700,2,0.25,0,0,0.5,0.5,0,900,0.1,0.5,0,1000,0.1,0.5,0,0,0.5,0.5,0,0,0.5,0.5,0,0,0.5,0.5,0,0,0.5,0.5,0,0,0.5,0.5,0,1600,0.1,0.5,0,1700,0.1,0.5,0,1800,0.3,0.5,0,0,0.5,0.5,2000,2000,0.1,0.5,2000,2100,0.1,0.5,0,0,0.5,0.5,0,0,0.5,0.5,0,0,0.5,0.5,0,0,0.5,0.5,2600,2600,0.1,0.5,2700,2000,0.3,0.5,0,0,0.5,0.5,0,0,0.5,0.5,3000,3000,0.3,0.5,3000,3100,0.1,0.5,3200,3200,0.1,0.5,3200,3300,0.1,0.5,3400,3400,0.1,0.5,3400,3500,0.1,0.5,0,0,0,0,3700,3000,0.3,0.5,0,0,0,0,0,0,0,0,0,4000,0,1,0,0,0,0,0,0,0,0,4300,4300,0.1,0.5,4400,4400,0.1,0.5
9620202,,0,0,0,0,100,100,0.5,0.5,221,200,0.5,0.2,300,300,0.5,0.2,300,400,0.5,0.2,500,500,0.5,0.5,0,0,0.1,0.5,700,700,2,0.25,0,0,0.5,0.5,0,900,0.1,0.5,0,1000,0.1,0.5,0,0,0.5,0.5,0,0,0.5,0.5,0,0,0.5,0.5,0,0,0.5,0.5,0,0,0.5,0.5,0,1600,0.1,0.5,0,1700,0.1,0.5,0,1800,0.3,0.5,0,0,0.5,0.5,2000,2000,0.1,0.5,2000,2100,0.1,0.5,0,0,0.5,0.5,0,0,0.5,0.5,0,0,0.5,0.5,0,0,0.5,0.5,2600,2600,0.1,0.5,2700,2000,0.3,0.5,0,0,0.5,0.5,0,0,0.5,0.5,3000,3000,0.3,0.5,3000,3100,0.1,0.5,3200,3200,0.1,0.5,3200,3300,0.1,0.5,3400,3400,0.1,0.5,3400,3500,0.1,0.5,0,0,0,0,3700,3000,0.3,0.5,0,0,0,0,0,0,0,0,0,4000,0,1,0,0,0,0,0,0,0,0,4300,4300,0.1,0.5,4400,4400,0.1,0.5
9620210,,5030,0,0,0,5030,100,0.5,0.5,5030,200,0.5,0.2,5030,300,0.5,0.2,5030,400,0.5,0.2,5030,500,0.5,0.5,0,0,0.1,0.5,700,700,2,0.25,0,0,0.5,0.5,5030,900,0.1,0.5,5030,1000,0.1,0.5,0,0,0.5,0.5,0,0,0.5,0.5,0,0,0.5,0.5,0,0,0.5,0.5,0,0,0.5,0.5,5030,1600,0.1,0.5,5030,1700,0.1,0.5,5030,1800,0.3,0.5,0,0,0.5,0.5,2000,2000,0.1,0.5,2000,2100,0.1,0.5,0,0,0.5,0.5,0,0,0.5,0.5,0,0,0.5,0.5,0,0,0.5,0.5,2600,2600,0.1,0.5,2700,2000,0.3,0.5,0,0,0.5,0.5,0,0,0.5,0.5,3000,3000,0.3,0.5,3000,3100,0.1,0.5,3200,3200,0.1,0.5,3200,3300,0.1,0.5,3400,3400,0.1,0.5,3400,3500,0.1,0.5,0,0,0,0,3700,3000,0.3,0.5,0,0,0,0,0,0,0,0,5030,4000,0,1,0,0,0,0,0,0,0,0,4300,4300,0.1,0.5,4400,4400,0.1,0.5
9980000,,0,0,0,0,100,100,0.5,0.5,200,200,0.5,0.2,300,300,0.5,0.2,300,400,0.5,0.2,500,500,0.5,0.5,0,0,0.1,0.5,700,700,2,0.25,0,0,0.5,0.5,0,900,0.1,0.5,0,1000,0.1,0.5,0,0,0.5,0.5,0,0,0.5,0.5,0,0,0.5,0.5,0,0,0.5,0.5,0,0,0.5,0.5,0,1600,0.1,0.5,0,1700,0.1,0.5,0,1800,0.3,0.5,0,0,0.5,0.5,2000,2000,0.1,0.5,2000,2100,0.1,0.5,0,0,0.5,0.5,0,0,0.5,0.5,0,0,0.5,0.5,0,0,0.5,0.5,2600,2600,0.1,0.5,2700,2000,0.3,0.5,0,0,0.5,0.5,0,0,0.5,0.5,3000,3000,0.3,0.5,3000,3100,0.1,0.5,3200,3200,0.1,0.5,3200,3300,0.1,0.5,3400,3400,0.1,0.5,3400,3500,0.1,0.5,0,0,0,0,3700,3000,0.3,0.5,0,0,0,0,0,0,0,0,0,4000,0,1,0,0,0,0,0,0,0,0,4300,4300,0.1,0.5,4400,4400,0.1,0.5
9980010,,10,0,0,0,110,100,0.5,0.5,200,200,0.5,0.2,300,300,0.5,0.2,300,400,0.5,0.2,500,500,0.5,0.5,10,0,0.1,0.5,700,700,2,0.25,0,0,0.5,0.5,10,900,0.1,0.5,10,1000,0.1,0.5,0,0,0.5,0.5,0,0,0.5,0.5,0,0,0.5,0.5,0,0,0.5,0.5,0,0,0.5,0.5,10,1600,0.1,0.5,10,1700,0.1,0.5,10,1800,0.3,0.5,0,0,0.5,0.5,2000,2000,0.1,0.5,2000,2100,0.1,0.5,0,0,0.5,0.5,0,0,0.5,0.5,0,0,0.5,0.5,0,0,0.5,0.5,2600,2600,0.1,0.5,2700,2000,0.3,0.5,0,0,0.5,0.5,0,0,0.5,0.5,3000,3000,0.3,0.5,3000,3100,0.1,0.5,3200,3200,0.1,0.5,3200,3300,0.1,0.5,3400,3400,0.1,0.5,3400,3500,0.1,0.5,0,0,0,0,3700,3000,0.3,0.5,0,0,0,0,0,0,0,0,10,4000,0,1,0,0,0,0,0,0,0,0,4300,4300,0.1,0.5,4400,4400,0.1,0.5
9990000,,0,0,0,0,100,100,0.5,0.5,200,200,0.5,0.2,300,300,0.5,0.2,300,400,0.5,0.2,500,500,0.5,0.5,0,0,0.1,0.5,700,700,2,0.25,0,0,0.5,0.5,0,900,0.1,0.5,0,1000,0.1,0.5,0,0,0.5,0.5,0,0,0.5,0.5,0,0,0.5,0.5,0,0,0.5,0.5,0,0,0.5,0.5,0,1600,0.1,0.5,0,1700,0.1,0.5,0,1800,0.3,0.5,0,0,0.5,0.5,2000,2000,0.1,0.5,2000,2100,0.1,0.5,0,0,0.5,0.5,0,0,0.5,0.5,0,0,0.5,0.5,0,0,0.5,0.5,2600,2600,0.1,0.5,2700,2000,0.3,0.5,0,0,0.5,0.5,0,0,0.5,0.5,3000,3000,0.3,0.5,3000,3100,0.1,0.5,3200,3200,0.1,0.5,3200,3300,0.1,0.5,3400,3400,0.1,0.5,3400,3500,0.1,0.5,0,0,0,0,3700,3000,0.3,0.5,0,0,0,0,0,0,0,0,0,4000,0,1,0,0,0,0,0,0,0,0,4300,4300,0.1,0.5,4400,4400,0.1,0.5
9990001,,0,0,0,0,100,100,0.5,0.5,200,200,0.5,0.2,300,300,0.5,0.2,300,400,0.5,0.2,500,500,0.5,0.5,0,0,0.1,0.5,700,700,2,0.25,0,0,0.5,0.5,0,900,0.1,0.5,0,1000,0.1,0.5,0,0,0.5,0.5,0,0,0.5,0.5,0,0,0.5,0.5,0,0,0.5,0.5,0,0,0.5,0.5,0,1600,0.1,0.5,0,1700,0.1,0.5,0,1800,0.3,0.5,0,0,0.5,0.5,2000,2000,0.1,0.5,2000,2100,0.1,0.5,0,0,0.5,0.5,0,0,0.5,0.5,0,0,0.5,0.5,0,0,0.5,0.5,2600,2600,0.1,0.5,2700,2000,0.3,0.5,0,0,0.5,0.5,0,0,0.5,0.5,3000,3000,0.3,0.5,3000,3100,0.1,0.5,3200,3200,0.1,0.5,3200,3300,0.1,0.5,3400,3400,0.1,0.5,3400,3500,0.1,0.5,0,0,0,0,3700,3000,0.3,0.5,0,0,0,0,0,0,0,0,0,4000,0,1,0,0,0,0,0,0,0,0,4300,4300,0.1,0.5,4400,4400,0.1,0.5
9990002,,0,0,0,0,100,100,0.5,0.5,200,200,0.5,0.2,300,300,0.5,0.2,300,400,0.5,0.2,500,500,0.5,0.5,0,0,0.1,0.5,700,700,2,0.25,0,0,0.5,0.5,0,900,0.1,0.5,0,1000,0.1,0.5,0,0,0.5,0.5,0,0,0.5,0.5,0,0,0.5,0.5,0,0,0.5,0.5,0,0,0.5,0.5,0,1600,0.1,0.5,0,1700,0.1,0.5,0,1800,0.3,0.5,0,0,0.5,0.5,2000,2000,0.1,0.5,2000,2100,0.1,0.5,0,0,0.5,0.5,0,0,0.5,0.5,0,0,0.5,0.5,0,0,0.5,0.5,2600,2600,0.1,0.5,2700,2000,0.3,0.5,0,0,0.5,0.5,0,0,0.5,0.5,3000,3000,0.3,0.5,3000,3100,0.1,0.5,3200,3200,0.1,0.5,3200,3300,0.1,0.5,3400,3400,0.1,0.5,3400,3500,0.1,0.5,0,0,0,0,3700,3000,0.3,0.5,0,0,0,0,0,0,0,0,0,4000,0,1,0,0,0,0,0,0,0,0,4300,4300,0.1,0.5,4400,4400,0.1,0.5
9990011,,0,0,0,0,100,100,0.5,0.5,200,200,0.5,0.2,300,300,0.5,0.2,300,400,0.5,0.2,500,500,0.5,0.5,0,0,0.1,0.5,700,700,2,0.25,0,0,0.5,0.5,0,900,0.1,0.5,0,1000,0.1,0.5,0,0,0.5,0.5,0,0,0.5,0.5,0,0,0.5,0.5,0,0,0.5,0.5,0,0,0.5,0.5,0,1600,0.1,0.5,0,1700,0.1,0.5,0,1800,0.3,0.5,0,0,0.5,0.5,2000,2000,0.1,0.5,2000,2100,0.1,0.5,0,0,0.5,0.5,0,0,0.5,0.5,0,0,0.5,0.5,0,0,0.5,0.5,2600,2600,0.1,0.5,2700,2000,0.3,0.5,0,0,0.5,0.5,0,0,0.5,0.5,3000,3000,0.3,0.5,3000,3100,0.1,0.5,3200,3200,0.1,0.5,3200,3300,0.1,0.5,3400,3400,0.1,0.5,3400,3500,0.1,0.5,0,0,0,0,3700,3000,0.3,0.5,0,0,0,0,0,0,0,0,0,4000,0,1,0,0,0,0,0,0,0,0,4300,4300,0.1,0.5,4400,4400,0.1,0.5
9990100,,5100,0,0,0,5100,100,0.5,0.5,200,200,0.5,0.2,300,300,0.5,0.2,300,400,0.5,0.2,500,500,0.5,0.5,0,0,0.1,0.5,700,700,2,0.25,0,0,0.5,0.5,0,900,0.1,0.5,5100,1000,0.1,0.5,0,0,0.5,0.5,0,0,0.5,0.5,0,0,0.5,0.5,0,0,0.5,0.5,0,0,0.5,0.5,0,1600,0.1,0.5,0,1700,0.1,0.5,0,1800,0.3,0.5,0,0,0.5,0.5,2000,2000,0.1,0.5,2000,2100,0.1,0.5,0,0,0.5,0.5,0,0,0.5,0.5,0,0,0.5,0.5,0,0,0.5,0.5,2600,2600,0.1,0.5,2700,2000,0.3,0.5,0,0,0.5,0.5,0,0,0.5,0.5,3000,3000,0.3,0.5,3000,3100,0.1,0.5,3200,3200,0.1,0.5,3200,3300,0.1,0.5,3400,3400,0.1,0.5,3400,3500,0.1,0.5,0,0,0,0,3700,3000,0.3,0.5,0,0,0,0,0,0,0,0,5100,4000,0,1,0,0,0,0,0,0,0,0,4300,4300,0.1,0.5,4400,4400,0.1,0.5
9990101,,5101,0,0,0,5101,100,0.5,0.5,200,200,0.5,0.2,300,300,0.5,0.2,300,400,0.5,0.2,500,500,0.5,0.5,0,0,0.1,0.5,700,700,2,0.25,0,0,0.5,0.5,0,900,0.1,0.5,5101,1000,0.1,0.5,0,0,0.5,0.5,0,0,0.5,0.5,0,0,0.5,0.5,0,0,0.5,0.5,0,0,0.5,0.5,0,1600,0.1,0.5,0,1700,0.1,0.5,0,1800,0.3,0.5,0,0,0.5,0.5,2000,2000,0.1,0.5,2000,2100,0.1,0.5,0,0,0.5,0.5,0,0,0.5,0.5,0,0,0.5,0.5,0,0,0.5,0.5,2600,2600,0.1,0.5,2700,2000,0.3,0.5,0,0,0.5,0.5,0,0,0.5,0.5,3000,3000,0.3,0.5,3000,3100,0.1,0.5,3200,3200,0.1,0.5,3200,3300,0.1,0.5,3400,3400,0.1,0.5,3400,3500,0.1,0.5,0,0,0,0,3700,3000,0.3,0.5,0,0,0,0,0,0,0,0,5101,4000,0,1,0,0,0,0,0,0,0,0,4300,4300,0.1,0.5,4400,4400,0.1,0.5
9990102,,5102,0,0,0,5100,100,0.5,0.5,200,200,0.5,0.2,300,300,0.5,0.2,300,400,0.5,0.2,500,500,0.5,0.5,0,0,0.1,0.5,700,700,2,0.25,0,0,0.5,0.5,0,900,0.1,0.5,5102,1000,0.1,0.5,0,0,0.5,0.5,0,0,0.5,0.5,0,0,0.5,0.5,0,0,0.5,0.5,0,0,0.5,0.5,0,1600,0.1,0.5,0,1700,0.1,0.5,0,1800,0.3,0.5,0,0,0.5,0.5,2000,2000,0.1,0.5,2000,2100,0.1,0.5,0,0,0.5,0.5,0,0,0.5,0.5,0,0,0.5,0.5,0,0,0.5,0.5,2600,2600,0.1,0.5,2700,2000,0.3,0.5,0,0,0.5,0.5,0,0,0.5,0.5,3000,3000,0.3,0.5,3000,3100,0.1,0.5,3200,3200,0.1,0.5,3200,3300,0.1,0.5,3400,3400,0.1,0.5,3400,3500,0.1,0.5,0,0,0,0,3700,3000,0.3,0.5,0,0,0,0,0,0,0,0,5102,4000,0,1,0,0,0,0,0,0,0,0,4300,4300,0.1,0.5,4400,4400,0.1,0.5
9990170,,0,0,0,0,100,100,0.5,0.5,200,200,0.5,0.2,300,300,0.5,0.2,300,400,0.5,0.2,500,500,0.5,0.5,0,0,0.1,0.5,700,700,2,0.25,0,0,0.5,0.5,0,900,0.1,0.5,0,1000,0.1,0.5,0,0,0.5,0.5,0,0,0.5,0.5,0,0,0.5,0.5,0,0,0.5,0.5,0,0,0.5,0.5,0,1600,0.1,0.5,0,1700,0.1,0.5,0,1800,0.3,0.5,0,0,0.5,0.5,2000,2000,0.1,0.5,2000,2100,0.1,0.5,0,0,0.5,0.5,0,0,0.5,0.5,0,0,0.5,0.5,0,0,0.5,0.5,2600,2600,0.1,0.5,2700,2000,0.3,0.5,0,0,0.5,0.5,0,0,0.5,0.5,3000,3000,0.3,0.5,3000,3100,0.1,0.5,3200,3200,0.1,0.5,3200,3300,0.1,0.5,3400,3400,0.1,0.5,3400,3500,0.1,0.5,0,0,0,0,3700,3000,0.3,0.5,0,0,0,0,0,0,0,0,0,4000,0,1,0,0,0,0,0,0,0,0,4300,4300,0.1,0.5,4400,4400,0.1,0.5
9990171,,0,0,0,0,100,100,0.5,0.5,200,200,0.5,0.2,300,300,0.5,0.2,300,400,0.5,0.2,500,500,0.5,0.5,0,0,0.1,0.5,700,700,2,0.25,0,0,0.5,0.5,0,900,0.1,0.5,0,1000,0.1,0.5,0,0,0.5,0.5,0,0,0.5,0.5,0,0,0.5,0.5,0,0,0.5,0.5,0,0,0.5,0.5,0,1600,0.1,0.5,0,1700,0.1,0.5,0,1800,0.3,0.5,0,0,0.5,0.5,2000,2000,0.1,0.5,2000,2100,0.1,0.5,0,0,0.5,0.5,0,0,0.5,0.5,0,0,0.5,0.5,0,0,0.5,0.5,2600,2600,0.1,0.5,2700,2000,0.3,0.5,0,0,0.5,0.5,0,0,0.5,0.5,3000,3000,0.3,0.5,3000,3100,0.1,0.5,3200,3200,0.1,0.5,3200,3300,0.1,0.5,3400,3400,0.1,0.5,3400,3500,0.1,0.5,0,0,0,0,3700,3000,0.3,0.5,0,0,0,0,0,0,0,0,0,4000,0,1,0,0,0,0,0,0,0,0,4300,4300,0.1,0.5,4400,4400,0.1,0.5
9990200,,59200,0,0,0,59200,100,0.5,0.5,59200,200,0.5,0.2,59200,300,0.5,0.2,59200,400,0.5,0.2,59201,500,0.5,0.5,59200,0,0.1,0.5,700,700,2,0.25,0,0,0.5,0.5,59200,900,0.1,0.5,59200,1000,0.1,0.5,0,0,0.5,0.5,0,0,0.5,0.5,0,0,0.5,0.5,0,0,0.5,0.5,0,0,0.5,0.5,59200,1600,0.1,0.5,59200,1700,0.1,0.5,59200,1800,0.3,0.5,0,0,0.5,0.5,59200,2000,0.1,0.5,59200,2100,0.1,0.5,0,0,0.5,0.5,0,0,0.5,0.5,0,0,0.5,0.5,0,0,0.5,0.5,59200,2600,0.1,0.5,2700,2000,0.3,0.5,0,0,0.5,0.5,0,0,0.5,0.5,59200,3000,0.3,0.5,59200,3100,0.1,0.5,59200,3200,0.1,0.5,59200,3300,0.1,0.5,59200,3400,0.1,0.5,59200,3500,0.1,0.5,59200,0,0,0,59200,3000,0.3,0.5,59200,0,0,0,59200,0,0,0,59200,4000,0,1,59200,0,0,0,59200,0,0,0,59200,4300,0.1,0.5,59200,4400,0.1,0.5
9990201,,59210,59210,0,0,59210,100,0.5,0.5,59210,200,0.5,0.2,59210,300,0.5,0.2,59210,400,0.5,0.2,59210,500,0.5,0.5,59210,0,0.1,0.5,700,700,2,0.25,0,0,0.5,0.5,59210,900,0.1,0.5,59210,59210,0.1,0.5,0,0,0.5,0.5,0,0,0.5,0.5,0,0,0.5,0.5,0,0,0.5,0.5,0,0,0.5,0.5,59210,1600,0.1,0.5,59210,1700,0.1,0.5,59210,1800,0.3,0.5,0,0,0.5,0.5,59210,2000,0.1,0.5,59210,2100,0.1,0.5,0,0,0.5,0.5,0,0,0.5,0.5,0,0,0.5,0.5,0,0,0.5,0.5,59210,2600,0.1,0.5,2700,2000,0.3,0.5,0,0,0.5,0.5,0,0,0.5,0.5,59210,3000,0.3,0.5,59210,3100,0.1,0.5,59210,3200,0.1,0.5,59210,3300,0.1,0.5,59210,3400,0.1,0.5,59210,3500,0.1,0.5,59210,0,0,0,59210,3000,0.3,0.5,59210,0,0,0,59210,0,0,0,59210,4000,0,1,59210,0,0,0,59210,0,0,0,59210,4300,0.1,0.5,59210,4400,0.1,0.5
9900500,,7100000,0,0,0,7100001,100,0.5,0.5,200,200,0.5,0.2,300,300,0.5,0.2,300,400,0.5,0.2,500,500,0.5,0.5,7100000,0,0.1,0.5,7100007,700,2,0.25,0,0,0.5,0.5,7100000,900,0.1,0.5,7100000,1000,0.1,0.5,0,0,0.5,0.5,0,0,0.5,0.5,0,0,0.5,0.5,0,0,0.5,0.5,0,0,0.5,0.5,7100000,1600,0.1,0.5,7100000,1700,0.1,0.5,7100000,1800,0.3,0.5,0,0,0.5,0.5,2000,2000,0.1,0.5,2000,2100,0.1,0.5,0,0,0.5,0.5,0,0,0.5,0.5,0,0,0.5,0.5,0,0,0.5,0.5,2600,2600,0.1,0.5,2700,2000,0.3,0.5,0,0,0.5,0.5,0,0,0.5,0.5,3000,3000,0.3,0.5,3000,3100,0.1,0.5,3200,3200,0.1,0.5,3200,3300,0.1,0.5,3400,3400,0.1,0.5,3400,3500,0.1,0.5,0,0,0,0,3700,3000,0.3,0.5,0,0,0,0,0,0,0,0,7100000,4000,0,1,0,0,0,0,0,0,0,0,4300,4300,0.1,0.5,4400,4400,0.1,0.5
9990501,,7100100,0,0,0,7100101,100,0.5,0.5,200,200,0.5,0.2,300,300,0.5,0.2,300,400,0.5,0.2,500,500,0.5,0.5,7100100,0,0.1,0.5,7100107,700,2,0.25,0,0,0.5,0.5,7100100,900,0.1,0.5,7100100,1000,0.1,0.5,0,0,0.5,0.5,0,0,0.5,0.5,0,0,0.5,0.5,0,0,0.5,0.5,0,0,0.5,0.5,7100100,1600,0.1,0.5,7100100,1700,0.1,0.5,7100100,1800,0.3,0.5,0,0,0.5,0.5,2000,2000,0.1,0.5,2000,2100,0.1,0.5,0,0,0.5,0.5,0,0,0.5,0.5,0,0,0.5,0.5,0,0,0.5,0.5,2600,2600,0.1,0.5,2700,2000,0.3,0.5,0,0,0.5,0.5,0,0,0.5,0.5,3000,3000,0.3,0.5,3000,3100,0.1,0.5,3200,3200,0.1,0.5,3200,3300,0.1,0.5,3400,3400,0.1,0.5,3400,3500,0.1,0.5,0,0,0,0,3700,3000,0.3,0.5,0,0,0,0,0,0,0,0,7100100,4000,0,1,0,0,0,0,0,0,0,0,4300,4300,0.1,0.5,4400,4400,0.1,0.5
9990510,,5080000,0,0,0,5080001,100,0.5,0.5,200,200,0.5,0.2,300,300,0.5,0.2,300,400,0.5,0.2,500,500,0.5,0.5,5080000,0,0.1,0.5,5080007,700,2,0.25,0,0,0.5,0.5,5080000,900,0.1,0.5,5080000,1000,0.1,0.5,0,0,0.5,0.5,0,0,0.5,0.5,0,0,0.5,0.5,0,0,0.5,0.5,0,0,0.5,0.5,5080000,1600,0.1,0.5,5080000,1700,0.1,0.5,5080000,1800,0.3,0.5,0,0,0.5,0.5,2000,2000,0.1,0.5,2000,2100,0.1,0.5,0,0,0.5,0.5,0,0,0.5,0.5,0,0,0.5,0.5,0,0,0.5,0.5,2600,2600,0.1,0.5,2700,2000,0.3,0.5,0,0,0.5,0.5,0,0,0.5,0.5,3000,3000,0.3,0.5,3000,3100,0.1,0.5,3200,3200,0.1,0.5,3200,3300,0.1,0.5,3400,3400,0.1,0.5,3400,3500,0.1,0.5,0,0,0,0,3700,3000,0.3,0.5,0,0,0,0,0,0,0,0,5080000,4000,0,1,0,0,0,0,0,0,0,0,4300,4300,0.1,0.5,4400,4400,0.1,0.5
9990511,,5080100,0,0,0,5080101,100,0.5,0.5,200,200,0.5,0.2,300,300,0.5,0.2,300,400,0.5,0.2,500,500,0.5,0.5,5080100,0,0.1,0.5,5080107,700,2,0.25,0,0,0.5,0.5,5080100,900,0.1,0.5,5080100,1000,0.1,0.5,0,0,0.5,0.5,0,0,0.5,0.5,0,0,0.5,0.5,0,0,0.5,0.5,0,0,0.5,0.5,5080100,1600,0.1,0.5,5080100,1700,0.1,0.5,5080100,1800,0.3,0.5,0,0,0.5,0.5,2000,2000,0.1,0.5,2000,2100,0.1,0.5,0,0,0.5,0.5,0,0,0.5,0.5,0,0,0.5,0.5,0,0,0.5,0.5,2600,2600,0.1,0.5,2700,2000,0.3,0.5,0,0,0.5,0.5,0,0,0.5,0.5,3000,3000,0.3,0.5,3000,3100,0.1,0.5,3200,3200,0.1,0.5,3200,3300,0.1,0.5,3400,3400,0.1,0.5,3400,3500,0.1,0.5,0,0,0,0,3700,3000,0.3,0.5,0,0,0,0,0,0,0,0,5080100,4000,0,1,0,0,0,0,0,0,0,0,4300,4300,0.1,0.5,4400,4400,0.1,0.5
